"","nodeid","parent","generation","n","beta.ave","beta.diff","gamma.ave","gamma.diff"
"1","A1","base",1,2,0.508333333333333,-0.305,0.242540494458653,0.0200341005967604
"2","A10","A9",1,2,0.580357142857143,0.348214285714286,6.64285714285714,1.11904761904762
"3","A11","A10",1,2,0.625,-0.205769230769231,0.219171779141104,0.173466257668712
"4","A56","A2",0.3,2,0.716101694915254,0.00423728813559322,0.967741935483871,0.604838709677419
"5","A13","A4",0,NA,NA,NA,NA,NA
"6","A14","A4",0,NA,NA,NA,NA,NA
"7","A53","A5",0.1,2,0.419161676646707,0.0798403193612774,0.339080459770115,0.113026819923372
"8","A16","A5",0.3,2,0.552906976744186,-0.220348837209302,0.513157894736842,0.460526315789474
"9","A17","A7",0,NA,NA,NA,NA,NA
"10","A18","A6",0,NA,NA,NA,NA,NA
"11","A19","A8",0.3,3,0.584722222222222,NA,0.104368932038835,NA
"12","A2","A1",1,2,0.49016393442623,0.29672131147541,0.722222222222222,0.247126436781609
"13","A20","A8",0.5,2,0.71048951048951,-0.0636363636363637,0.236338797814208,0.157103825136612
"14","A21","A9",0.5,3,0.497569444444444,NA,0.40968992248062,NA
"15","A22","A10",0,NA,NA,NA,NA,NA
"16","A23","A9",0.6,2,0.728145695364238,0.175827814569536,0.104790419161677,0.0149700598802395
"17","A24","A19",0.3,2,0.668960244648318,-0.19954128440367,2.25,1.82692307692308
"18","A25","A24",0.3,2,0.587147887323944,0.247359154929577,10.25,6.25
"19","A26","A25",0.2,3,0.60407876230661,NA,0.126721763085399,NA
"20","A27","A26",0.2,2,0.824873096446701,0.0583756345177665,6.40625,0.84375
"21","A28","A27",0.1,2,0.609195402298851,-0.0316091954022989,0.21551724137931,0.00862068965517242
"22","A29","A28",0,NA,NA,NA,NA,NA
"23","A4","A2",1,3,0.580555555555556,NA,0.472990777338603,NA
"24","A30","A28",0,NA,NA,NA,NA,NA
"25","A31","A27",0.1,2,0.637417218543046,-0.124172185430464,0.0758426966292135,0.0308988764044944
"26","A32","A31",0,NA,NA,NA,NA,NA
"27","A33","A31",0,NA,NA,NA,NA,NA
"28","A34","A26",0,NA,NA,NA,NA,NA
"29","A35","A26",0,NA,NA,NA,NA,NA
"30","A36","A25",0,NA,NA,NA,NA,NA
"31","A37","A24",0.2,2,0.669381107491857,-0.180781758957655,0.101415094339623,0.0306603773584906
"32","A38","A37",0.1,2,0.605363984674329,0.130268199233716,7.3,2.03333333333333
"33","A39","A38",0,NA,NA,NA,NA,NA
"34","A40","A38",0,NA,NA,NA,NA,NA
"35","A41","A37",0,NA,NA,NA,NA,NA
"36","A42","A19",0.1,3,0.438058748403576,NA,0.288888888888889,NA
"37","A43","A42",0,NA,NA,NA,NA,NA
"38","A44","A42",0,NA,NA,NA,NA,NA
"39","A45","A42",0,NA,NA,NA,NA,NA
"40","A46","A19",0.2,2,0.735632183908046,0.204022988505747,6.19230769230769,2.42307692307692
"41","A47","A46",0,NA,NA,NA,NA,NA
"42","A48","A46",0.2,2,0.585626911314985,-0.129969418960245,0.0625,0.0267857142857143
"43","A49","A48",0,NA,NA,NA,NA,NA
"44","A5","A4",1,3,0.445323741007194,NA,0.748563218390805,NA
"45","A50","A48",0.1,2,0.75,0.126068376068376,4.125,1.625
"46","A51","A50",0,NA,NA,NA,NA,NA
"47","A52","A50",0,NA,NA,NA,NA,NA
"48","A54","A53",0,NA,NA,NA,NA,NA
"49","A55","A53",0,NA,NA,NA,NA,NA
"50","A57","A56",0.2,3,0.550196078431373,NA,0.588034188034188,NA
"51","A58","A57",0.2,3,0.530479896238651,NA,0.272988505747126,NA
"52","A59","A58",0.1,2,0.720414201183432,0.0754437869822485,4.25,0.65
"53","A6","A5",0.9,2,0.647268408551069,-0.252969121140143,3.5625,2.5625
"54","A60","A57",0.2,3,0.524691358024691,NA,0.394495412844037,NA
"55","A61","A60",0.1,2,0.764240506329114,0.0522151898734177,3.375,0.0416666666666665
"56","A62","A56",0.3,2,0.717857142857143,-0.0916666666666667,2.55555555555556,1.6
"57","A63","A62",0.3,2,0.572794117647059,-0.108088235294118,2.83720930232558,0.0930232558139536
"58","A64","A63",0.2,3,0.666666666666667,NA,0.361581920903955,NA
"59","A65","A64",0.1,2,0.713414634146341,-0.0975609756097561,4.52777777777778,0.472222222222222
"60","A66","A64",0.1,3,0.486033519553073,NA,0.144578313253012,NA
"61","A67","A62",0.1,3,0.5,NA,0.360071301247772,NA
"62","A68","A16",0.3,2,0.746616541353383,-0.0774436090225564,17.625,1.45833333333333
"63","A69","A68",0.2,3,0.638077858880779,NA,0.494845360824742,NA
"64","A7","A6",0.8,2,0.606860158311346,0.29023746701847,5.140625,4.609375
"65","A70","A69",0.1,2,0.68960244648318,0.117737003058104,6.67857142857143,3.10714285714286
"66","A71","A69",0.2,3,0.541143654114365,NA,0.416666666666667,NA
"67","A72","A71",0.1,3,0.509259259259259,NA,0.257861635220126,NA
"68","U3","A72",0,NA,NA,NA,NA,NA
"69","A74","A68",0.2,3,0.648689138576779,NA,0.269286754002911,NA
"70","A75","A74",0.2,2,0.737373737373737,0.0732323232323232,5.68181818181818,1.86363636363636
"71","A76","A75",0.2,2,0.504672897196262,0.186915887850467,0.0445783132530121,0
"72","A77","A76",0.1,2,0.718468468468468,0.0653153153153153,1.21621621621622,0.135135135135135
"73","A8","A7",0.8,3,0.529411764705882,NA,0.903846153846154,NA
"74","A9","A8",0.8,3,0.54051282051282,NA,2.68627450980392,NA
"75","B1","A21",0.2,3,0.579961464354528,NA,0.35050505050505,NA
"76","B10","B8",0.4,3,0.484007707129094,NA,0.350375939849624,NA
"77","B100","B99",0.4,2,0.706928838951311,-0.25561797752809,5.99305555555556,4.60416666666667
"78","B101","B100",0.2,2,0.53941908713693,0.149377593360996,0.524246395806029,0.255570117955439
"79","B102","B101",0,NA,NA,NA,NA,NA
"80","B103","B101",0.2,2,0.730421686746988,0.197289156626506,0.226890756302521,0.0453781512605042
"81","B104","B103",0,NA,NA,NA,NA,NA
"82","B105","B103",0.1,2,0.647727272727273,0.183441558441558,1.50617283950617,0.796296296296296
"83","B106","B105",0,NA,NA,NA,NA,NA
"84","B107","B105",0,NA,NA,NA,NA,NA
"85","B108","B99",0.3,2,0.690510948905109,-0.00729927007299271,0.512331838565022,0.344170403587444
"86","B109","B108",0.2,2,0.785564853556485,-0.0345188284518828,4.51333333333333,0.513333333333333
"87","B11","B10",0,NA,NA,NA,NA,NA
"88","B110","B109",0.2,3,0.467038068709378,NA,0.0442086648983201,NA
"89","B111","B110",0,NA,NA,NA,NA,NA
"90","B112","B110",0,NA,NA,NA,NA,NA
"91","B113","B110",0.1,2,0.605882352941177,0.241176470588235,1.51515151515152,0.848484848484849
"92","B114","B113",0,NA,NA,NA,NA,NA
"93","B115","B113",0,NA,NA,NA,NA,NA
"94","B116","B109",0.1,2,0.651785714285714,0.123724489795918,0.506666666666667,0.156666666666667
"95","B117","B116",0,NA,NA,NA,NA,NA
"96","B118","B116",0,NA,NA,NA,NA,NA
"97","B119","B108",0.2,3,0.616096866096866,NA,0.367364746945899,NA
"98","B12","B10",0,NA,NA,NA,NA,NA
"99","B120","B119",0,NA,NA,NA,NA,NA
"100","B121","B119",0.1,2,0.6440329218107,-0.0637860082304527,0.110552763819095,0.0150753768844221
"101","B123","B121",0,NA,NA,NA,NA,NA
"102","B124","B121",0,NA,NA,NA,NA,NA
"103","B125","B119",0.2,2,0.842245989304813,0.072192513368984,8.33928571428571,0.553571428571429
"104","B126","B125",0.1,2,0.567708333333333,0.168402777777778,0.10894495412844,0.069954128440367
"105","B127","B126",0,NA,NA,NA,NA,NA
"106","B128","B126",0,NA,NA,NA,NA,NA
"107","B129","B125",0.1,2,0.539473684210526,0.223684210526316,0.365461847389558,0.228915662650602
"108","B13","B10",0.4,2,0.742821473158552,-0.0037453183520599,10.04,1.92
"109","B130","B129",0,NA,NA,NA,NA,NA
"110","B131","B129",0,NA,NA,NA,NA,NA
"111","B132","B100",0.4,2,0.761673151750973,0.0953307392996109,7.16,0.14
"112","B133","B132",0.3,3,0.535376466136966,NA,0.855707762557078,NA
"113","B134","B133",0.2,3,0.537490720118783,NA,0.276564774381368,NA
"114","B135","B134",0,NA,NA,NA,NA,NA
"115","B136","B134",0,NA,NA,NA,NA,NA
"116","B137","B134",0.2,2,0.731607629427793,0.211171662125341,8.78260869565217,4.39130434782609
"117","B138","B137",0,NA,NA,NA,NA,NA
"118","B139","B137",0.2,2,0.63150289017341,-0.134393063583815,0.0858085808580858,0.0346534653465346
"119","B14","B13",0.2,3,0.473254504504505,NA,0.111111111111111,NA
"120","B140","B139",0,NA,NA,NA,NA,NA
"121","B141","B139",0.1,2,0.656603773584906,0.226415094339623,2.54838709677419,1.58064516129032
"122","B142","B141",0,NA,NA,NA,NA,NA
"123","B143","B141",0,NA,NA,NA,NA,NA
"124","B144","B133",0.2,2,0.602201257861635,0.158805031446541,0.352760736196319,0.174846625766871
"125","B145","B144",0,NA,NA,NA,NA,NA
"126","B146","B144",0.1,2,0.603305785123967,-0.107438016528926,0.113372093023256,0.0203488372093023
"127","B147","B146",0,NA,NA,NA,NA,NA
"128","B148","B146",0,NA,NA,NA,NA,NA
"129","B149","B133",0.3,2,0.695216049382716,-0.119598765432099,0.24934554973822,0.151178010471204
"130","B15","B14",0,NA,NA,NA,NA,NA
"131","B150","B149",0,NA,NA,NA,NA,NA
"132","B151","B149",0.3,2,0.944128787878788,0.0293560606060606,3.50666666666667,3.08
"133","B152","B151",0.2,2,0.63715953307393,0.0865758754863813,0.869433198380567,0.501012145748988
"134","B153","B152",0,NA,NA,NA,NA,NA
"135","B154","B152",0.2,2,0.673387096774194,-0.162634408602151,0.0561299852289512,0.00295420974889217
"136","B155","B154",0,NA,NA,NA,NA,NA
"137","B156","B154",0.1,2,0.69935691318328,0.258842443729904,0.805555555555556,0.25
"138","B157","B156",0,NA,NA,NA,NA,NA
"139","B158","B156",0,NA,NA,NA,NA,NA
"140","B159","B151",0.2,2,0.581780538302277,0.289855072463768,8.5625,5.8125
"141","B16","B14",0,NA,NA,NA,NA,NA
"142","B160","B159",0,NA,NA,NA,NA,NA
"143","B161","B159",0.2,2,0.614014251781473,-0.22209026128266,0.141304347826087,0.0652173913043478
"144","B162","B161",0,NA,NA,NA,NA,NA
"145","B163","B161",0.1,2,0.744318181818182,0.03125,7.74285714285714,3.17142857142857
"146","B164","B163",0,NA,NA,NA,NA,NA
"147","B165","B163",0,NA,NA,NA,NA,NA
"148","B166","B132",0.3,3,0.580048661800487,NA,0.599240265906933,NA
"149","B167","B166",0,NA,NA,NA,NA,NA
"150","B168","B166",0.2,2,0.631964809384164,-0.277126099706745,0.150240384615385,0.0612980769230769
"151","B169","B168",0,NA,NA,NA,NA,NA
"152","B17","B14",0.2,2,0.695918367346939,0.142857142857143,7.01136363636364,2.46590909090909
"153","B170","B168",0.1,2,0.616129032258064,0.158064516129032,6.98648648648649,3.12162162162162
"154","B171","B170",0,NA,NA,NA,NA,NA
"155","B172","B170",0,NA,NA,NA,NA,NA
"156","B173","B166",0.3,2,0.644557823129252,0.268707482993197,7.56,1.56
"157","B174","B173",0,NA,NA,NA,NA,NA
"158","B175","B173",0.2,3,0.48665425201738,NA,0.706140350877193,NA
"159","B176","B175",0,NA,NA,NA,NA,NA
"160","B177","B175",0,NA,NA,NA,NA,NA
"161","B178","B175",0.2,3,0.494573643410853,NA,0.084949215143121,NA
"162","B179","B178",0,NA,NA,NA,NA,NA
"163","B18","B17",0,NA,NA,NA,NA,NA
"164","B180","B178",0,NA,NA,NA,NA,NA
"165","B181","B178",0.1,2,0.719101123595506,0.151685393258427,1.30722891566265,0.0783132530120483
"166","B182","B181",0,NA,NA,NA,NA,NA
"167","B183","B181",0,NA,NA,NA,NA,NA
"168","B184","C63",0.5,2,0.609257265877287,-0.320775026910657,1.13353115727003,0.350148367952522
"169","B185","B184",0,NA,NA,NA,NA,NA
"170","B186","B184",0.4,3,0.586033950617284,NA,0.598484848484849,NA
"171","B187","B186",0.1,2,0.560509554140127,0.184713375796178,0.294491525423729,0.218220338983051
"172","B188","B187",0,NA,NA,NA,NA,NA
"173","B189","B187",0,NA,NA,NA,NA,NA
"174","B19","B17",0.2,2,0.611922141119221,-0.0936739659367397,0.0713429256594724,0.000599520383693046
"175","B190","B186",0.2,2,0.654569892473118,0.143817204301075,1.10194174757282,0.815533980582524
"176","B191","B190",0,NA,NA,NA,NA,NA
"177","B192","B190",0.1,3,0.480359147025814,NA,0.020253164556962,NA
"178","B193","B192",0,NA,NA,NA,NA,NA
"179","B194","B192",0,NA,NA,NA,NA,NA
"180","B195","B192",0,NA,NA,NA,NA,NA
"181","B196","B186",0.4,2,0.778511404561825,-0.0978391356542617,10,1.59375
"182","B197","B196",0.3,2,0.630511463844797,-0.267195767195767,0.175202156334232,0.102425876010782
"183","B198","B197",0,NA,NA,NA,NA,NA
"184","B199","B197",0.3,2,0.700392927308448,0.158153241650295,8.18518518518519,4.7037037037037
"185","B2","B1",0,NA,NA,NA,NA,NA
"186","B20","B19",0,NA,NA,NA,NA,NA
"187","B200","B199",0,NA,NA,NA,NA,NA
"188","B201","B199",0.2,2,0.635011441647597,-0.143020594965675,0.0969827586206897,0.0165229885057471
"189","B202","B201",0.1,2,0.679069767441861,0.148837209302326,0.424050632911392,0.322784810126582
"190","B203","B202",0,NA,NA,NA,NA,NA
"191","B204","B202",0,NA,NA,NA,NA,NA
"192","B205","B201",0.1,2,0.636764705882353,0.166176470588235,1.57142857142857,1.16071428571429
"193","B206","B205",0,NA,NA,NA,NA,NA
"194","B207","B205",0,NA,NA,NA,NA,NA
"195","B208","B196",0.3,3,0.485388127853881,NA,0.322800495662949,NA
"196","B209","B208",0,NA,NA,NA,NA,NA
"197","B21","B19",0.1,2,0.568965517241379,0.224137931034483,1.89406779661017,1.66525423728814
"198","B210","B208",0,NA,NA,NA,NA,NA
"199","B211","B208",0.3,2,0.810769230769231,-0.0461538461538461,8.13043478260869,0.159420289855072
"200","B212","B211",0.3,2,0.657989228007181,-0.0816876122082586,0.266363636363636,0.155454545454545
"201","B213","B212",0,NA,NA,NA,NA,NA
"202","B214","B212",0.2,2,0.74878640776699,0.212378640776699,6.24590163934426,4.44262295081967
"203","B215","B214",0,NA,NA,NA,NA,NA
"204","B216","B214",0.2,3,0.552188552188552,NA,0.0633946830265849,NA
"205","B217","B216",0,NA,NA,NA,NA,NA
"206","B218","B216",0,NA,NA,NA,NA,NA
"207","B219","B216",0.1,2,0.622388059701492,0.126865671641791,1.76315789473684,1.39473684210526
"208","B22","B21",0,NA,NA,NA,NA,NA
"209","B220","B219",0,NA,NA,NA,NA,NA
"210","B221","B219",0,NA,NA,NA,NA,NA
"211","B222","B211",0.3,2,0.643863179074447,0.241448692152917,0.123251748251748,0.0218531468531469
"212","B223","B222",0,NA,NA,NA,NA,NA
"213","B224","B222",0.3,2,0.742045454545455,0.160227272727273,5.91566265060241,2.18072289156627
"214","B225","B224",0,NA,NA,NA,NA,NA
"215","B226","B224",0.2,2,0.672544080604534,-0.148614609571788,0.158482142857143,0.0915178571428572
"216","B227","B226",0,NA,NA,NA,NA,NA
"217","B228","B226",0.2,2,0.68558282208589,0.154907975460123,0.766666666666667,0.166666666666667
"218","B229","B228",0,NA,NA,NA,NA,NA
"219","B23","B21",0,NA,NA,NA,NA,NA
"220","B230","B228",0.1,2,0.567518248175182,0.235401459854015,1.16666666666667,0.761904761904762
"221","B231","B230",0,NA,NA,NA,NA,NA
"222","B232","B230",0,NA,NA,NA,NA,NA
"223","B24","B13",0.3,2,0.709030100334448,-0.240802675585284,0.349753694581281,0.233169129720854
"224","B25","B24",0,NA,NA,NA,NA,NA
"225","B26","B24",0.3,2,0.71919014084507,0.217429577464789,8.52112676056338,3.16901408450704
"226","B27","B26",0,NA,NA,NA,NA,NA
"227","B28","B26",0.3,2,0.75093984962406,-0.0986842105263157,0.32289156626506,0.257831325301205
"228","B29","B28",0.2,2,0.507204610951009,0.259365994236311,0.0567427385892116,0.0386929460580913
"229","B3","B1",0,NA,NA,NA,NA,NA
"230","B30","B29",0,NA,NA,NA,NA,NA
"231","B31","B29",0.1,2,0.669172932330827,-0.131578947368421,1.72826086956522,0.206521739130435
"232","B32","B31",0,NA,NA,NA,NA,NA
"233","B33","B31",0,NA,NA,NA,NA,NA
"234","B34","B28",0.2,2,0.691371681415929,0.19358407079646,6.85185185185185,5.27777777777778
"235","B35","B34",0,NA,NA,NA,NA,NA
"236","B36","B34",0.2,2,0.62375,0.24875,0.0786259541984733,0.016030534351145
"237","B37","B36",0,NA,NA,NA,NA,NA
"238","B38","B36",0.1,2,0.508595988538682,0.184813753581662,1.37903225806452,0.92741935483871
"239","B39","B38",0,NA,NA,NA,NA,NA
"240","B4","B1",0.1,2,0.715789473684211,0.16140350877193,0.41812865497076,0.236842105263158
"241","B40","B38",0,NA,NA,NA,NA,NA
"242","B41","A20",0.4,3,0.644324324324324,NA,0.530092592592593,NA
"243","B42","B41",0.3,2,0.527962716378162,-0.270972037283622,4.85042735042735,0.576923076923077
"244","B43","B42",0.1,2,0.981865284974093,-0.178756476683938,0.0574803149606299,0.0275590551181102
"245","B44","B43",0,NA,NA,NA,NA,NA
"246","B45","B43",0,NA,NA,NA,NA,NA
"247","B46","B41",0.3,2,0.835205992509363,0.00936329588014982,0.804577464788732,0.184859154929578
"248","B47","B46",0.3,2,0.70509977827051,-0.0443458980044346,0.248220640569395,0.134341637010676
"249","B48","B47",0.1,2,0.555369127516778,0.196308724832215,0.0837209302325582,0.0651162790697674
"250","B49","B48",0,NA,NA,NA,NA,NA
"251","B5","B4",0,NA,NA,NA,NA,NA
"252","B50","B48",0,NA,NA,NA,NA,NA
"253","B51","B47",0.2,2,0.829881656804734,0.131656804733728,5.265625,1.578125
"254","B52","B51",0,NA,NA,NA,NA,NA
"255","B53","B51",0.2,2,0.669230769230769,0.176923076923077,0.11986301369863,0.0399543378995434
"256","B54","B53",0,NA,NA,NA,NA,NA
"257","B55","B53",0.1,2,0.721818181818182,0.136363636363636,1.03571428571429,0.435714285714286
"258","B56","B55",0,NA,NA,NA,NA,NA
"259","B57","B55",0,NA,NA,NA,NA,NA
"260","B58","B42",0.3,2,0.795833333333333,-0.0741666666666667,0.449,0.395
"261","B59","B58",0.2,2,0.551963048498845,0.25635103926097,0.545023696682464,0.454976303317536
"262","B6","B4",0,NA,NA,NA,NA,NA
"263","B60","B59",0,NA,NA,NA,NA,NA
"264","B61","B59",0.2,3,0.542857142857143,NA,0.116903633491311,NA
"265","B62","B61",0,NA,NA,NA,NA,NA
"266","B63","B61",0,NA,NA,NA,NA,NA
"267","B64","B61",0.1,2,0.566455696202532,0.294303797468354,2.81521739130435,0.25
"268","B65","B64",0,NA,NA,NA,NA,NA
"269","B66","B64",0,NA,NA,NA,NA,NA
"270","B67","B58",0.3,2,0.663793103448276,0.228927203065134,13.8888888888889,5.96296296296296
"271","B68","B67",0,NA,NA,NA,NA,NA
"272","B69","B67",0.3,2,0.667381974248927,-0.165236051502146,0.199626865671642,0.0652985074626866
"273","B7","A21",0,NA,NA,NA,NA,NA
"274","B70","B69",0,NA,NA,NA,NA,NA
"275","B71","B69",0.2,2,0.735824742268041,0.207474226804124,5.65277777777778,2.31944444444444
"276","B72","B71",0,NA,NA,NA,NA,NA
"277","B73","B71",0.2,3,0.467213114754098,NA,0.0789779326364692,NA
"278","B74","B73",0,NA,NA,NA,NA,NA
"279","B75","B73",0,NA,NA,NA,NA,NA
"280","B76","B73",0.1,2,0.55794701986755,0.230132450331126,1.0390625,0.8046875
"281","B77","B76",0,NA,NA,NA,NA,NA
"282","B78","B76",0,NA,NA,NA,NA,NA
"283","B79","B46",0.3,2,0.6859410430839,-0.218820861678005,0.183238636363636,0.0951704545454546
"284","B8","A21",0.5,2,0.616985376827896,-0.356017997750281,9.12666666666667,0.26
"285","B80","B79",0,NA,NA,NA,NA,NA
"286","B81","B79",0.2,2,0.6265664160401,0.228070175438596,8.7741935483871,4.70967741935484
"287","B82","B81",0,NA,NA,NA,NA,NA
"288","B83","B81",0.2,2,0.656891495601173,-0.211143695014663,0.0944976076555024,0.00598086124401914
"289","B84","B83",0,NA,NA,NA,NA,NA
"290","B85","B83",0.1,2,0.722972972972973,0.114864864864865,1.48648648648649,0.0270270270270271
"291","B86","B85",0,NA,NA,NA,NA,NA
"292","B87","B85",0,NA,NA,NA,NA,NA
"293","B88","B41",0.2,2,0.713717693836978,-0.190854870775348,0.531521739130435,0.448913043478261
"294","B89","B88",0.2,2,0.712927756653992,-0.165399239543726,0.0831485587583149,0.0521064301552106
"295","B9","B8",0,NA,NA,NA,NA,NA
"296","B90","B89",0,NA,NA,NA,NA,NA
"297","B91","B89",0.1,2,0.686147186147186,-0.136363636363636,1.75,1.10714285714286
"298","B92","B91",0,NA,NA,NA,NA,NA
"299","B93","B91",0,NA,NA,NA,NA,NA
"300","B94","B88",0.1,2,0.607692307692308,0.056043956043956,10.5921052631579,5.96052631578947
"301","B95","B94",0,NA,NA,NA,NA,NA
"302","B97","B94",0,NA,NA,NA,NA,NA
"303","B99","A20",0.5,2,0.791779584462511,-0.172990063233966,3.32413793103448,2.82758620689655
"304","C1","A1",0.3,2,0.66,-0.136065573770492,0.36038961038961,0.025974025974026
"305","C10","C6",0,NA,NA,NA,NA,NA
"306","C100","C71",0.3,2,0.699360341151386,-0.191897654584222,0.335,0.210454545454545
"307","C101","C100",0,NA,NA,NA,NA,NA
"308","C102","C100",0.2,2,0.740430622009569,0.154306220095694,7.00729927007299,3.63138686131387
"309","C103","C102",0.1,2,0.697959183673469,0.0571428571428571,0.108918918918919,0.0624324324324324
"310","C104","C103",0,NA,NA,NA,NA,NA
"311","C105","C103",0,NA,NA,NA,NA,NA
"312","C106","C102",0.2,3,0.546345811051693,NA,0.0771297884505432,NA
"313","C107","C106",0,NA,NA,NA,NA,NA
"314","C108","C106",0,NA,NA,NA,NA,NA
"315","C109","C106",0.1,2,0.69,0.193333333333333,1.56623134328358,1.51212686567164
"316","C11","C4",0,NA,NA,NA,NA,NA
"317","C110","C109",0,NA,NA,NA,NA,NA
"318","C111","C109",0,NA,NA,NA,NA,NA
"319","C112","C70",0.2,2,0.734413965087282,0.043640897755611,1.06041666666667,0.252083333333333
"320","C113","C112",0,NA,NA,NA,NA,NA
"321","C114","C112",0.2,2,0.717948717948718,0.166666666666667,0.0723809523809524,0.0457142857142857
"322","C115","C114",0,NA,NA,NA,NA,NA
"323","C116","C114",0.1,2,0.545289855072464,0.255434782608696,1.16263440860215,0.848118279569893
"324","C117","C116",0,NA,NA,NA,NA,NA
"325","C118","C116",0,NA,NA,NA,NA,NA
"326","C119","C69",0.3,2,0.573643410852713,-0.189922480620155,0.480375,0.294625
"327","C12","C3",0,NA,NA,NA,NA,NA
"328","C120","C119",0.1,3,0.531986531986532,NA,0.163118279569892,NA
"329","C121","C120",0,NA,NA,NA,NA,NA
"330","C122","C120",0,NA,NA,NA,NA,NA
"331","C123","C120",0,NA,NA,NA,NA,NA
"332","C124","C119",0.3,2,0.736886632825719,0.254653130287648,7.94078061911171,0.53835800807537
"333","C125","C124",0.1,2,0.494736842105263,-0.101754385964912,0.035,0.00190909090909091
"334","C126","C125",0,NA,NA,NA,NA,NA
"335","C127","C125",0,NA,NA,NA,NA,NA
"336","C128","C124",0.3,2,0.773037542662116,-0.13481228668942,0.472063492063492,0.385079365079365
"337","C129","C128",0.2,2,0.669172932330827,0.172932330827068,8.71350364963504,5.79379562043796
"338","C13","C2",0.2,2,0.717977528089888,-0.00561797752808989,0.187328767123288,0.131164383561644
"339","C130","C128",0.1,2,0.517379679144385,0.102941176470588,0.206666666666667,0.0896296296296296
"340","C131","C130",0,NA,NA,NA,NA,NA
"341","C132","C130",0,NA,NA,NA,NA,NA
"342","C133","C129",0,NA,NA,NA,NA,NA
"343","C134","C129",0.2,3,0.462797619047619,NA,0.115471698113208,NA
"344","C140","C134",0,NA,NA,NA,NA,NA
"345","C136","C134",0,NA,NA,NA,NA,NA
"346","C137","C134",0.1,2,0.70979020979021,0.143356643356643,0.733005733005733,0.325962325962326
"347","C138","C137",0,NA,NA,NA,NA,NA
"348","C139","C137",0,NA,NA,NA,NA,NA
"349","C14","C13",0.1,2,0.703416149068323,0.0791925465838509,5.15243902439024,0.396341463414634
"350","C141","C68",0,NA,NA,NA,NA,NA
"351","C142","C68",0,NA,NA,NA,NA,NA
"352","C143","C67",0,NA,NA,NA,NA,NA
"353","C144","C66",0,NA,NA,NA,NA,NA
"354","C145","C65",0.7,2,0.684210526315789,-0.289473684210526,3.04166666666667,2.29166666666667
"355","C146","C145",0,NA,NA,NA,NA,NA
"356","C147","C65",0,NA,NA,NA,NA,NA
"357","C148","C65",0,NA,NA,NA,NA,NA
"358","C149","C64",0,NA,NA,NA,NA,NA
"359","C15","C14",0,NA,NA,NA,NA,NA
"360","C150","C62",0,NA,NA,NA,NA,NA
"361","C151","C61",0,NA,NA,NA,NA,NA
"362","C152","A11",0,NA,NA,NA,NA,NA
"363","C16","C14",0,NA,NA,NA,NA,NA
"364","C17","C13",0.1,2,0.511041009463722,0.274447949526814,0.261827956989247,0.125268817204301
"365","C18","C17",0,NA,NA,NA,NA,NA
"366","C19","C17",0,NA,NA,NA,NA,NA
"367","C2","C1",0.3,2,0.660200250312891,-0.103254067584481,0.65546218487395,0.571428571428571
"368","C20","C1",0.3,3,0.666117517847337,NA,1.11650485436893,NA
"369","C21","C20",0.2,2,0.699088145896657,0.0151975683890578,1.42,0.13
"370","C22","C21",0.2,3,0.626241134751773,NA,0.210752688172043,NA
"371","C23","C22",0.1,2,0.655555555555556,0.0955555555555555,2.61538461538461,0.653846153846154
"372","C24","C22",0.1,2,0.598039215686274,0.0518207282913165,1.5,0.7
"373","C25","C22",0,NA,NA,NA,NA,NA
"374","C26","C23",0,NA,NA,NA,NA,NA
"375","C27","C23",0,NA,NA,NA,NA,NA
"376","C28","C24",0,NA,NA,NA,NA,NA
"377","C29","C24",0,NA,NA,NA,NA,NA
"378","C3","C2",0.2,2,0.692622950819672,-0.200819672131148,14.55,0.55
"379","C30","C21",0.1,3,0.578518518518519,NA,0.423772609819121,NA
"380","C31","C30",0,NA,NA,NA,NA,NA
"381","C32","C30",0,NA,NA,NA,NA,NA
"382","C33","C30",0,NA,NA,NA,NA,NA
"383","C34","C20",0.2,2,0.558181818181818,-0.0515151515151515,1.85454545454545,0.090909090909091
"384","C35","C34",0,NA,NA,NA,NA,NA
"385","C36","C34",0.2,3,0.540755467196819,NA,0.257731958762887,NA
"386","C37","C36",0,NA,NA,NA,NA,NA
"387","C38","C36",0,NA,NA,NA,NA,NA
"388","C39","C36",0.1,3,0.608124253285544,NA,0.45045045045045,NA
"389","C4","C3",0.2,3,0.674617737003058,NA,0.192857142857143,NA
"390","C40","C39",0,NA,NA,NA,NA,NA
"391","C41","C39",0,NA,NA,NA,NA,NA
"392","C42","C39",0,NA,NA,NA,NA,NA
"393","C43","C20",0.3,3,0.545422410745847,NA,0.787654320987654,NA
"394","C44","C43",0.1,2,0.652439024390244,0.00853658536585365,0.901639344262295,0.0327868852459016
"395","C45","C44",0,NA,NA,NA,NA,NA
"396","C46","C44",0,NA,NA,NA,NA,NA
"397","C47","C43",0.2,3,0.52526973310619,NA,0.5875,NA
"398","C48","C47",0,NA,NA,NA,NA,NA
"399","C49","C47",0,NA,NA,NA,NA,NA
"400","C5","C4",0.1,2,0.531055900621118,0.0838509316770186,6.68181818181818,1.13636363636364
"401","C50","C47",0.2,2,0.507371007371007,-0.0651105651105651,0.119375,0.005625
"402","C51","C50",0.1,2,0.751072961373391,-0.0729613733905579,1.34615384615385,0.0274725274725275
"403","C52","C51",0,NA,NA,NA,NA,NA
"404","C53","C51",0,NA,NA,NA,NA,NA
"405","C54","C50",0.1,2,0.65,-0.261111111111111,0.69,0.07
"406","C55","C54",0,NA,NA,NA,NA,NA
"407","C56","C54",0,NA,NA,NA,NA,NA
"408","C57","C43",0.1,3,0.474969474969475,NA,0.524154589371981,NA
"409","C58","C57",0,NA,NA,NA,NA,NA
"410","C59","C57",0,NA,NA,NA,NA,NA
"411","C6","C4",0.1,2,0.596969696969697,0.142424242424242,3.61363636363636,0.295454545454545
"412","C60","C57",0,NA,NA,NA,NA,NA
"413","C61","A11",0.9,2,0.856481481481482,-0.189814814814815,2.05234899328859,0.0953020134228187
"414","C62","C61",0.8,2,0.683628318584071,0.223451327433628,1.16598079561043,0.411522633744856
"415","C63","C62",0.8,2,0.738780487804878,-0.285609756097561,1.63826086956522,1.29217391304348
"416","C64","C63",0.8,2,0.6,0.280952380952381,10.2386934673367,5.08793969849246
"417","C65","C64",0.8,3,0.598198198198198,NA,0.245901639344262,NA
"418","C66","C145",0.6,2,0.652702702702703,-0.293243243243243,3.36111111111111,2.52777777777778
"419","C67","C66",0.6,2,0.586071428571428,0.371071428571429,7.53333333333333,2.6
"420","C68","C67",0.5,3,0.660199004975124,NA,0.466447368421053,NA
"421","C69","C68",0.5,2,0.722972972972973,0.0692567567567567,7.4251497005988,2.63473053892216
"422","C7","C5",0,NA,NA,NA,NA,NA
"423","C70","C69",0.5,2,0.640191897654584,-0.212686567164179,0.200238095238095,0.0854761904761905
"424","C71","C70",0.4,2,0.793125,-0.206875,2.79253112033195,1.77178423236515
"425","C72","C71",0.4,2,0.58375,0.30375,4.70020325203252,2.51524390243902
"426","C73","C72",0.3,2,0.753521126760563,0.133802816901408,0.0972535211267606,0.0506338028169014
"427","C74","C73",0.3,2,0.694444444444444,0.0515873015873016,5.88095238095238,1.73809523809524
"428","C75","C74",0.2,3,0.561702127659575,NA,0.098875,NA
"429","C76","C75",0.2,2,0.76657824933687,-0.114058355437666,0.822599531615925,0.192622950819672
"430","C77","C76",0.1,2,0.646084337349398,0.245481927710843,1.68587360594796,1.28810408921933
"431","C78","C77",0,NA,NA,NA,NA,NA
"432","C79","C76",0,NA,NA,NA,NA,NA
"433","C8","C5",0,NA,NA,NA,NA,NA
"434","C80","C77",0,NA,NA,NA,NA,NA
"435","C81","C75",0,NA,NA,NA,NA,NA
"436","C82","C75",0,NA,NA,NA,NA,NA
"437","C83","C74",0.2,3,0.469135802469136,NA,0.0920306513409962,NA
"438","C84","C83",0,NA,NA,NA,NA,NA
"439","C85","C83",0,NA,NA,NA,NA,NA
"440","C86","C83",0.1,2,0.659509202453988,-0.098159509202454,1.54571843251089,0.820029027576197
"441","C87","C86",0,NA,NA,NA,NA,NA
"442","C88","C86",0,NA,NA,NA,NA,NA
"443","C89","C73",0.3,2,0.748863636363636,-0.157954545454545,2.06042296072508,0.818731117824773
"444","C9","C6",0,NA,NA,NA,NA,NA
"445","C90","C89",0,NA,NA,NA,NA,NA
"446","C91","C89",0.2,2,0.753132832080201,0.174185463659148,6.85766423357664,5.06447688564477
"447","C92","C91",0,NA,NA,NA,NA,NA
"448","C93","C91",0.2,3,0.567567567567568,NA,0.0889795918367347,NA
"449","C94","C93",0,NA,NA,NA,NA,NA
"450","C95","C93",0,NA,NA,NA,NA,NA
"451","C96","C93",0.1,2,0.735785953177257,-0.0301003344481605,2.8491847826087,0.0855978260869565
"452","C97","C96",0,NA,NA,NA,NA,NA
"453","C98","C96",0,NA,NA,NA,NA,NA
"454","C99","C72",0,NA,NA,NA,NA,NA
"455","D1","A23",0.4,2,0.636091127098321,0.215227817745803,5.43333333333333,1.3
"456","D10","D9",0,NA,NA,NA,NA,NA
"457","D100","D99",0,NA,NA,NA,NA,NA
"458","D101","D99",0,NA,NA,NA,NA,NA
"459","D102","D66",0.4,2,0.560121765601218,-0.249619482496195,0.879518072289157,0.313253012048193
"460","D103","D102",0,NA,NA,NA,NA,NA
"461","D104","D102",0.3,2,0.668233082706767,-0.264097744360902,0.361702127659574,0.212765957446809
"462","D105","D104",0,NA,NA,NA,NA,NA
"463","D106","D104",0.3,2,0.848790322580645,0.0201612903225807,6,0.571428571428572
"464","D107","D106",0.3,2,0.450121654501217,-0.165450121654501,0.171052631578947,0.0131578947368421
"465","D108","D107",0,NA,NA,NA,NA,NA
"466","D109","D107",0.2,2,1.09090909090909,0.272727272727273,4.29166666666667,1.95833333333333
"467","D11","D9",0.1,3,0.595238095238095,NA,0.611635220125786,NA
"468","D110","D109",0,NA,NA,NA,NA,NA
"469","D111","D109",0.2,2,0.576811594202899,0.226086956521739,0.0861333333333333,0.0381333333333333
"470","D112","D111",0,NA,NA,NA,NA,NA
"471","D113","D111",0.1,2,0.684115523465704,0.0992779783393502,1.35300429184549,0.19206008583691
"472","D114","D113",0,NA,NA,NA,NA,NA
"473","D115","D113",0,NA,NA,NA,NA,NA
"474","D116","D106",0.2,2,0.573085846867749,-0.238979118329466,0.16695652173913,0.0504347826086957
"475","D117","D116",0,NA,NA,NA,NA,NA
"476","D118","D116",0.1,2,0.645714285714286,0.0228571428571429,5.20522388059702,2.77985074626866
"477","D119","D118",0,NA,NA,NA,NA,NA
"478","D12","D11",0,NA,NA,NA,NA,NA
"479","D121","D118",0,NA,NA,NA,NA,NA
"480","D124","D123",0.2,2,0.775297619047619,0.0193452380952381,1.24489795918367,0.0204081632653061
"481","D125","D124",0,NA,NA,NA,NA,NA
"482","D126","D124",0.1,3,2.1772784019975,NA,0.146236559139785,NA
"483","D127","D126",0,NA,NA,NA,NA,NA
"484","D128","D126",0,NA,NA,NA,NA,NA
"485","D129","D126",0,NA,NA,NA,NA,NA
"486","D13","D11",0,NA,NA,NA,NA,NA
"487","D130","D123",0,NA,NA,NA,NA,NA
"488","D131","D123",0.3,2,0.728960396039604,-0.184405940594059,0.242168674698795,0.0951807228915663
"489","D132","D131",0,NA,NA,NA,NA,NA
"490","D133","D131",0.2,2,0.67479674796748,0.289972899728997,5.20491803278689,2.5
"491","D134","D133",0,NA,NA,NA,NA,NA
"492","D135","D133",0.2,2,0.924157303370786,0.115168539325843,0.114893617021277,0.00851063829787234
"493","D136","D135",0,NA,NA,NA,NA,NA
"494","D137","D135",0.1,2,0.600694444444444,0.197916666666667,0.936,0.564
"495","D138","D137",0,NA,NA,NA,NA,NA
"496","D139","D137",0,NA,NA,NA,NA,NA
"497","D14","D11",0,NA,NA,NA,NA,NA
"498","D140","D123",0.3,2,0.778357235984355,0.177314211212516,0.861538461538462,0.169230769230769
"499","D141","D140",0.2,2,0.72234273318872,0.0498915401301518,0.566666666666667,0.233333333333333
"500","D142","D141",0.1,2,0.758064516129032,0.0483870967741936,2.08333333333333,0.25
"501","D143","D141",0.2,2,0.61376404494382,-0.242977528089888,0.119166666666667,0.0225
"502","D144","D143",0.1,2,0.613114754098361,0.160655737704918,6.17816091954023,2.1551724137931
"503","D145","D144",0,NA,NA,NA,NA,NA
"504","D146","D144",0,NA,NA,NA,NA,NA
"505","D147","D142",0,NA,NA,NA,NA,NA
"506","D148","D143",0,NA,NA,NA,NA,NA
"507","D149","D142",0,NA,NA,NA,NA,NA
"508","D15","D1",0.3,2,0.683098591549296,-0.366197183098592,0.336782178217822,0.227574257425743
"509","D150","D140",0.3,3,0.547521600727603,NA,0.871144278606965,NA
"510","D151","D150",0.3,2,0.805147058823529,-0.125,3.12871287128713,2.51485148514851
"511","D153","D150",0,NA,NA,NA,NA,NA
"512","D155","D150",0.1,2,0.579192546583851,0.144409937888199,0.125729166666667,0.0721875
"513","D156","D151",0.2,2,0.643280632411067,0.218379446640316,6.79838709677419,5.62096774193548
"514","D16","D15",0,NA,NA,NA,NA,NA
"515","D164","D156",0,NA,NA,NA,NA,NA
"516","D166","D155",0,NA,NA,NA,NA,NA
"517","D167","D155",0,NA,NA,NA,NA,NA
"518","D168","D156",0.2,3,0.485474006116208,NA,0.0794805194805195,NA
"519","D169","D151",0.1,3,0.491891891891892,NA,0.108947368421053,NA
"520","D17","D15",0.3,2,0.62751677852349,0.218120805369128,6.75430643699003,0.86128739800544
"521","D170","D168",0,NA,NA,NA,NA,NA
"522","D171","D168",0,NA,NA,NA,NA,NA
"523","D172","D168",0.1,2,0.695522388059701,0.158208955223881,2.25714285714286,1.24285714285714
"524","D173","D172",0,NA,NA,NA,NA,NA
"525","D174","D172",0,NA,NA,NA,NA,NA
"526","D175","D169",0,NA,NA,NA,NA,NA
"527","D176","D169",0,NA,NA,NA,NA,NA
"528","D178","D169",0,NA,NA,NA,NA,NA
"529","D18","D17",0.1,2,0.645901639344262,0.2,0.515384615384615,0.315384615384615
"530","D19","D18",0,NA,NA,NA,NA,NA
"531","D2","D1",0.2,2,0.64957264957265,0.108262108262108,0.685483870967742,0.266129032258065
"532","D20","D18",0,NA,NA,NA,NA,NA
"533","D21","D17",0.3,3,0.531216931216931,NA,0.527380952380952,NA
"534","D22","D21",0.2,3,0.570063694267516,NA,0.490049751243781,NA
"535","D23","D22",0,NA,NA,NA,NA,NA
"536","D24","D22",0,NA,NA,NA,NA,NA
"537","D25","D22",0.1,2,0.65,0.138888888888889,0.145925925925926,0.0555555555555556
"538","D26","D25",0,NA,NA,NA,NA,NA
"539","D27","D25",0,NA,NA,NA,NA,NA
"540","D28","D21",0,NA,NA,NA,NA,NA
"541","D30","D21",0.2,3,0.384057971014493,NA,0.0723065798987708,NA
"542","D3","D2",0,NA,NA,NA,NA,NA
"543","D31","D30",0,NA,NA,NA,NA,NA
"544","D32","D30",0,NA,NA,NA,NA,NA
"545","D33","D30",0.2,2,0.629139072847682,0.21523178807947,7,3
"546","D34","D33",0,NA,NA,NA,NA,NA
"547","D35","D33",0.1,2,0.645098039215686,0.147058823529412,0.255714285714286,0.0728571428571429
"548","D36","D35",0,NA,NA,NA,NA,NA
"549","D37","D35",0,NA,NA,NA,NA,NA
"550","D39","D7",0.4,2,0.602194787379973,-0.194787379972565,103.960396039604,34.6534653465347
"551","D4","D2",0.1,2,0.603383458646617,0.0845864661654135,0.271186440677966,0.0932203389830508
"552","D40","D39",0,NA,NA,NA,NA,NA
"553","D41","D39",0.3,2,0.78829604130809,-0.0705679862306368,0.307142857142857,0.207142857142857
"554","D42","D41",0.3,2,0.746492985971944,-0.197394789579158,9.57142857142857,1.5
"555","D43","D41",0.3,2,0.663069544364508,-0.281774580335731,0.208333333333333,0.125
"556","D44","D43",0,NA,NA,NA,NA,NA
"557","D45","D43",0.2,2,0.708121827411167,-0.149746192893401,14,3.33333333333333
"558","D46","D45",0,NA,NA,NA,NA,NA
"559","D47","D45",0.2,2,0.61094674556213,-0.300295857988166,0.171875,0.03125
"560","D48","D47",0,NA,NA,NA,NA,NA
"561","D49","D47",0.1,2,0.642857142857143,0.0941558441558442,7.19444444444444,3.19444444444445
"562","D5","D4",0,NA,NA,NA,NA,NA
"563","D50","D49",0,NA,NA,NA,NA,NA
"564","D51","D49",0,NA,NA,NA,NA,NA
"565","D52","D42",0,NA,NA,NA,NA,NA
"566","D53","D42",0.2,3,0.752300070771408,NA,0.823008849557522,NA
"567","D54","D53",0,NA,NA,NA,NA,NA
"568","D55","D53",0.2,2,0.736918604651163,-0.1875,0.148809523809524,0.0833333333333333
"569","D56","D55",0.1,2,0.602201257861635,0.193396226415094,6.90909090909091,5.09090909090909
"570","D57","D55",0,NA,NA,NA,NA,NA
"571","D58","D56",0,NA,NA,NA,NA,NA
"572","D59","D56",0,NA,NA,NA,NA,NA
"573","D6","D4",0,NA,NA,NA,NA,NA
"574","D60","D53",0.2,2,0.541208791208791,0.18956043956044,0.0838383838383838,0.0171717171717172
"575","D61","D60",0,NA,NA,NA,NA,NA
"576","D62","D60",0.1,2,0.586466165413534,0.199248120300752,1.07,0.47
"577","D63","D62",0,NA,NA,NA,NA,NA
"578","D64","D62",0,NA,NA,NA,NA,NA
"579","D65","D8",0.5,2,0.727469670710572,-0.0454939341421144,0.316831683168317,0.0297029702970297
"580","D66","D65",0.4,2,0.745235069885642,0.0895806861499364,3.6,1.14285714285714
"581","D67","D65",0.4,2,0.680493273542601,0.0852017937219731,4.18620689655172,0.358620689655172
"582","D123","D67",0.3,4,0.62298682284041,NA,0.673368740515933,NA
"583","D69","D67",0.3,2,0.83804143126177,0.0489642184557439,0.810810810810811,0.027027027027027
"584","D7","A23",0.5,2,0.754212454212454,0.22014652014652,0.33775,0.28725
"585","D70","D69",0.3,3,0.713375796178344,NA,0.50831541218638,NA
"586","D71","D70",0.1,2,0.588323353293413,0.154191616766467,0.0582894736842105,0.0193421052631579
"587","D72","D71",0,NA,NA,NA,NA,NA
"588","D73","D71",0,NA,NA,NA,NA,NA
"589","D74","D70",0.1,2,0.573378839590444,0.116040955631399,0.134821428571429,0.0544642857142857
"590","D75","D74",0,NA,NA,NA,NA,NA
"591","D76","D74",0,NA,NA,NA,NA,NA
"592","D77","D70",0.2,2,0.677165354330709,0.207349081364829,6.05906313645621,2.80040733197556
"593","D78","D77",0,NA,NA,NA,NA,NA
"594","D79","D77",0.2,2,0.65727002967359,0.191394658753709,0.110804597701149,0.0131034482758621
"595","D8","D7",0.5,2,0.564661654135338,0.303007518796993,3.46,0.58
"596","D80","D79",0,NA,NA,NA,NA,NA
"597","D81","D79",0.1,2,0.624125874125874,0.243006993006993,1.32096474953618,0.534322820037106
"598","D82","D81",0,NA,NA,NA,NA,NA
"599","D83","D81",0,NA,NA,NA,NA,NA
"600","D84","D69",0.2,2,0.680190930787589,0.186157517899761,0.706896551724138,0.0287356321839081
"601","D85","D84",0,NA,NA,NA,NA,NA
"602","D86","D84",0.1,2,0.555096418732782,0.163911845730028,0.778125,0.6125
"603","D87","D86",0,NA,NA,NA,NA,NA
"604","D88","D86",0,NA,NA,NA,NA,NA
"605","D89","D66",0.3,2,0.652131782945736,-0.183139534883721,1.26162790697674,0.122093023255814
"606","D9","D8",0.2,2,0.705459770114943,0.219827586206897,1.15972222222222,0.3125
"607","D90","D89",0,NA,NA,NA,NA,NA
"608","D91","D89",0.3,2,0.733178654292344,-0.185614849187935,0.290102040816327,0.19969387755102
"609","D92","D91",0,NA,NA,NA,NA,NA
"610","D93","D91",0.2,2,0.792929292929293,-0.101010101010101,9.59367945823928,2.37020316027088
"611","D94","D93",0.1,2,0.642335766423358,0.182481751824817,0.0810377358490566,0.0080188679245283
"612","D95","D94",0,NA,NA,NA,NA,NA
"613","D96","D94",0,NA,NA,NA,NA,NA
"614","D97","D93",0.2,2,0.622881355932203,-0.176553672316384,0.18921875,0.09203125
"615","D98","D97",0,NA,NA,NA,NA,NA
"616","D99","D97",0.1,2,0.756183745583039,0.173144876325088,8.36012861736334,2.57234726688103
"617","T1","A57",0,NA,NA,NA,NA,NA
"618","T10","A66",0,NA,NA,NA,NA,NA
"619","T11","A66",0,NA,NA,NA,NA,NA
"620","T12","A66",0,NA,NA,NA,NA,NA
"621","T13","A65",0,NA,NA,NA,NA,NA
"622","T14","A65",0,NA,NA,NA,NA,NA
"623","T15","A64",0,NA,NA,NA,NA,NA
"624","T16","A67",0,NA,NA,NA,NA,NA
"625","T17","A67",0,NA,NA,NA,NA,NA
"626","T2","A61",0,NA,NA,NA,NA,NA
"627","T20","A70",0,NA,NA,NA,NA,NA
"628","T21","A70",0,NA,NA,NA,NA,NA
"629","T22","A16",0,NA,NA,NA,NA,NA
"630","T23","A74",0,NA,NA,NA,NA,NA
"631","T24","A74",0,NA,NA,NA,NA,NA
"632","T25","A75",0,NA,NA,NA,NA,NA
"633","T26","A76",0,NA,NA,NA,NA,NA
"634","T27","A77",0,NA,NA,NA,NA,NA
"635","T28","A77",0,NA,NA,NA,NA,NA
"636","T3","A58",0,NA,NA,NA,NA,NA
"637","T4","A59",0,NA,NA,NA,NA,NA
"638","T5","A61",0,NA,NA,NA,NA,NA
"639","T6","A59",0,NA,NA,NA,NA,NA
"640","T7","A58",0,NA,NA,NA,NA,NA
"641","T8","A60",0,NA,NA,NA,NA,NA
"642","T9","A60",0,NA,NA,NA,NA,NA
"643","U1","A63",0,NA,NA,NA,NA,NA
"644","U2","A67",0,NA,NA,NA,NA,NA
"645","U4","A72",0,NA,NA,NA,NA,NA
"646","U5","A71",0,NA,NA,NA,NA,NA
"647","U6","A71",0,NA,NA,NA,NA,NA
"648","U7","A69",0,NA,NA,NA,NA,NA
"649","U8","A72",0,NA,NA,NA,NA,NA
