"","class","spcs","id","nodeid","parent","generation","n","beta.ave","beta.diff","gamma.ave","gamma.diff"
"1","GS","dougfir","df737g4",96,NA,1,2,1.11307901907357,-0.717983651226158,1.94155844155844,0.344155844155844
"2","GS","dougfir","df737g4",108,"96",0.75,2,0.658620689655173,-0.231034482758621,0.681818181818182,0.170454545454545
"3","GS","dougfir","df737g4",120,"108",0.75,3,0.405684754521964,NA,1.84074074074074,NA
"4","GS","dougfir","df737g4",110,"108",0.25,2,0.435483870967742,-0.145161290322581,0.176666666666667,0.116666666666667
"5","GS","dougfir","df737g4",122,"110",0,NA,NA,NA,NA,NA
"6","GS","dougfir","df737g4",5,"110",0,NA,NA,NA,NA,NA
"7","GS","dougfir","df737g4",132,"120",0,NA,NA,NA,NA,NA
"8","GS","dougfir","df737g4",121,"120",0.5,2,0.671052631578947,-0.131578947368421,1.5506329113924,0.462025316455696
"9","GS","dougfir","df737g4",134,"120",0.25,2,0.53,-0.07,0.105555555555556,0.0537037037037037
"10","GS","dougfir","df737g4",109,"134",0,NA,NA,NA,NA,NA
"11","GS","dougfir","df737g4",7,"134",0,NA,NA,NA,NA,NA
"12","GS","dougfir","df737g4",37,"121",0.5,2,0.573770491803279,0.180327868852459,1.01162790697674,0.186046511627907
"13","GS","dougfir","df737g4",133,"121",0.25,2,0.560975609756098,-0.0731707317073171,0.185534591194969,0.128930817610063
"14","GS","dougfir","df737g4",22,"133",0,NA,NA,NA,NA,NA
"15","GS","dougfir","df737g4",6,"133",0,NA,NA,NA,NA,NA
"16","GS","dougfir","df737g4",52,"37",0,NA,NA,NA,NA,NA
"17","GS","dougfir","df737g4",67,"37",0.25,2,0.641304347826087,-0.119565217391304,0.29126213592233,0.184466019417476
"18","GS","dougfir","df737g4",82,"67",0,NA,NA,NA,NA,NA
"19","GS","dougfir","df737g4",97,"67",0,NA,NA,NA,NA,NA
"20","GS","dougfir","df737g4",38,"96",0.5,3,0.270833333333333,NA,3.24932249322493,NA
"21","GS","dougfir","df737g4",9,"38",0.25,2,0.525316455696202,0.0822784810126582,0.538109756097561,0.513719512195122
"22","GS","dougfir","df737g4",69,"38",0.25,2,0.133423180592992,0.0148247978436658,0.531372549019608,0.292156862745098
"23","GS","dougfir","df737g4",53,"38",0.5,3,0.475694444444444,NA,0.116343490304709,NA
"24","GS","dougfir","df737g4",68,"53",0,NA,NA,NA,NA,NA
"25","GS","dougfir","df737g4",111,"53",0.25,2,0.608695652173913,0,0.911764705882353,0.735294117647059
"26","GS","dougfir","df737g4",135,"53",0.25,2,0.706896551724138,0.103448275862069,1.53076923076923,1.39230769230769
"27","GS","dougfir","df737g4",83,"135",0,NA,NA,NA,NA,NA
"28","GS","dougfir","df737g4",123,"135",0,NA,NA,NA,NA,NA
"29","GS","dougfir","df737g4",98,"111",0,NA,NA,NA,NA,NA
"30","GS","dougfir","df737g4",8,"111",0,NA,NA,NA,NA,NA
"31","GS","dougfir","df737g4",24,"9",0,NA,NA,NA,NA,NA
"32","GS","dougfir","df737g4",39,"9",0,NA,NA,NA,NA,NA
"33","GS","dougfir","df737g4",84,"69",0,NA,NA,NA,NA,NA
"34","GS","dougfir","df737g4",99,"69",0,NA,NA,NA,NA,NA
"35","GS","dougfir","df788g4",128,NA,1,2,0.63125,-0.170833333333333,1.71311475409836,1.10109289617486
"36","GS","dougfir","df788g4",31,"128",0.833333333333333,2,0.742857142857143,-0.153246753246753,3.82142857142857,2.08928571428571
"37","GS","dougfir","df788g4",140,"128",0.333333333333333,2,0.527149321266968,-0.101809954751131,0.739805825242718,0.0368932038834951
"38","GS","dougfir","df788g4",60,"140",0,NA,NA,NA,NA,NA
"39","GS","dougfir","df788g4",75,"140",0.333333333333333,2,0.539568345323741,-0.100719424460432,0.327900552486188,0.0709944751381215
"40","GS","dougfir","df788g4",91,"75",0,NA,NA,NA,NA,NA
"41","GS","dougfir","df788g4",76,"75",0.166666666666667,2,0.533707865168539,0.050561797752809,0.725806451612903,0.00537634408602149
"42","GS","dougfir","df788g4",61,"76",0,NA,NA,NA,NA,NA
"43","GS","dougfir","df788g4",46,"76",0,NA,NA,NA,NA,NA
"44","GS","dougfir","df788g4",141,"31",0,NA,NA,NA,NA,NA
"45","GS","dougfir","df788g4",129,"31",0.833333333333333,2,0.628985507246377,-0.257971014492754,1.47422680412371,0.88659793814433
"46","GS","dougfir","df788g4",117,"129",0,NA,NA,NA,NA,NA
"47","GS","dougfir","df788g4",105,"129",0.666666666666667,2,0.663398692810458,-0.199346405228758,1.65350877192982,0.881578947368421
"48","GS","dougfir","df788g4",18,"105",0.666666666666667,2,0.626893939393939,-0.259469696969697,2.91477272727273,1.64204545454545
"49","GS","dougfir","df788g4",17,"105",0.166666666666667,2,0.46830985915493,0.172535211267606,0.494809688581315,0.290657439446367
"50","GS","dougfir","df788g4",32,"17",0,NA,NA,NA,NA,NA
"51","GS","dougfir","df788g4",47,"17",0,NA,NA,NA,NA,NA
"52","GS","dougfir","df788g4",33,"18",0,NA,NA,NA,NA,NA
"53","GS","dougfir","df788g4",48,"18",0.5,2,0.61965811965812,-0.200854700854701,2.23214285714286,1.25
"54","GS","dougfir","df788g4",63,"48",0,NA,NA,NA,NA,NA
"55","GS","dougfir","df788g4",78,"48",0.5,2,0.580729166666667,0.299479166666667,0.65,0.00454545454545457
"56","GS","dougfir","df788g4",93,"78",0,NA,NA,NA,NA,NA
"57","GS","dougfir","df788g4",62,"78",0.333333333333333,2,0.64792899408284,-0.13905325443787,2.26388888888889,0.972222222222222
"58","GS","dougfir","df788g4",77,"62",0,NA,NA,NA,NA,NA
"59","GS","dougfir","df788g4",106,"62",0.333333333333333,2,0.526315789473684,-0.0526315789473684,1.23118279569892,0.209677419354839
"60","GS","dougfir","df788g4",107,"106",0,NA,NA,NA,NA,NA
"61","GS","dougfir","df788g4",118,"106",0.166666666666667,2,0.675324675324675,-0.025974025974026,0.794736842105263,0.00526315789473682
"62","GS","dougfir","df788g4",130,"118",0,NA,NA,NA,NA,NA
"63","GS","dougfir","df788g4",119,"118",0,NA,NA,NA,NA,NA
"64","GS","dougfir","df888g4",18,NA,1,2,0.651010101010101,-0.281313131313131,1.0981308411215,0.0700934579439252
"65","GS","dougfir","df888g4",108,"18",1,2,0.639219934994583,-0.149512459371614,0.918181818181818,0.254545454545455
"66","GS","dougfir","df888g4",33,"18",0.5,2,1.0327868852459,0.423497267759563,3.64,0.688
"67","GS","dougfir","df888g4",93,"33",0.333333333333333,2,0.54932735426009,0.0381165919282512,0.705962059620596,0.497289972899729
"68","GS","dougfir","df888g4",78,"33",0,NA,NA,NA,NA,NA
"69","GS","dougfir","df888g4",106,"93",0,NA,NA,NA,NA,NA
"70","GS","dougfir","df888g4",118,"93",0.333333333333333,2,0.592105263157895,-0.162280701754386,0.844155844155844,0.0129870129870129
"71","GS","dougfir","df888g4",130,"118",0,NA,NA,NA,NA,NA
"72","GS","dougfir","df888g4",17,"118",0.166666666666667,2,0.88953488372093,-0.180232558139535,0.5546875,0.2109375
"73","GS","dougfir","df888g4",32,"17",0,NA,NA,NA,NA,NA
"74","GS","dougfir","df888g4",142,"17",0,NA,NA,NA,NA,NA
"75","GS","dougfir","df888g4",120,"108",0.5,3,0.595132743362832,NA,0.811369509043928,NA
"76","GS","dougfir","df888g4",34,"120",0.5,2,0.614478114478114,-0.18013468013468,1.6304347826087,0.0434782608695653
"77","GS","dougfir","df888g4",109,"120",0.333333333333333,3,0.670868347338936,NA,2.36458333333333,NA
"78","GS","dougfir","df888g4",132,"120",0.333333333333333,2,0.654411764705882,0.0294117647058824,0.718253968253968,0.0595238095238095
"79","GS","dougfir","df888g4",19,"132",0.166666666666667,2,0.763440860215054,0.575268817204301,1.71428571428571,1.33673469387755
"80","GS","dougfir","df888g4",107,"132",0.166666666666667,2,0.85,0.326470588235294,2.5421686746988,1.36144578313253
"81","GS","dougfir","df888g4",133,"107",0,NA,NA,NA,NA,NA
"82","GS","dougfir","df888g4",1,"107",0,NA,NA,NA,NA,NA
"83","GS","dougfir","df888g4",3,"19",0,NA,NA,NA,NA,NA
"84","GS","dougfir","df888g4",20,"19",0,NA,NA,NA,NA,NA
"85","GS","dougfir","df888g4",94,"34",0.333333333333333,2,0.735169491525424,0.120762711864407,0.503424657534247,0.0719178082191781
"86","GS","dougfir","df888g4",49,"34",0.166666666666667,2,0.534883720930233,-0.062015503875969,0.386363636363636,0.0292207792207792
"87","GS","dougfir","df888g4",64,"49",0,NA,NA,NA,NA,NA
"88","GS","dougfir","df888g4",79,"49",0,NA,NA,NA,NA,NA
"89","GS","dougfir","df888g4",95,"94",0.166666666666667,2,0.793103448275862,0.0413793103448276,2.17460317460317,0.158730158730159
"90","GS","dougfir","df888g4",35,"94",0.166666666666667,2,0.853960396039604,0.349009900990099,3.06547619047619,0.0892857142857143
"91","GS","dougfir","df888g4",50,"35",0,NA,NA,NA,NA,NA
"92","GS","dougfir","df888g4",80,"35",0,NA,NA,NA,NA,NA
"93","GS","dougfir","df888g4",131,"95",0,NA,NA,NA,NA,NA
"94","GS","dougfir","df888g4",143,"95",0,NA,NA,NA,NA,NA
"95","GS","dougfir","df888g4",21,"109",0.333333333333333,2,0.657142857142857,0.188571428571429,1.57865168539326,0.106741573033708
"96","GS","dougfir","df888g4",96,"109",0.166666666666667,2,0.425806451612903,0.0580645161290323,0.265895953757225,0.0867052023121387
"97","GS","dougfir","df888g4",4,"109",0,NA,NA,NA,NA,NA
"98","GS","dougfir","df888g4",36,"21",0,NA,NA,NA,NA,NA
"99","GS","dougfir","df888g4",51,"21",0.166666666666667,2,0.47972972972973,0.0540540540540541,0.886666666666667,0.586666666666667
"100","GS","dougfir","df888g4",66,"51",0,NA,NA,NA,NA,NA
"101","GS","dougfir","df888g4",81,"51",0,NA,NA,NA,NA,NA
"102","GS","dougfir","df888g4",5,"96",0,NA,NA,NA,NA,NA
"103","GS","dougfir","df888g4",22,"96",0,NA,NA,NA,NA,NA
"104","GS","dougfir","df888g4",37,"108",0.833333333333333,2,0.616071428571428,0.15728021978022,1.44520547945206,0.445205479452055
"105","GS","dougfir","df888g4",52,"37",0.5,2,0.462574850299401,0.202095808383234,2.74657534246575,0.417808219178082
"106","GS","dougfir","df888g4",67,"52",0,NA,NA,NA,NA,NA
"107","GS","dougfir","df888g4",82,"52",0.5,2,0.632882882882883,-0.141891891891892,0.911255411255411,0.344155844155844
"108","GS","dougfir","df888g4",97,"82",0,NA,NA,NA,NA,NA
"109","GS","dougfir","df888g4",6,"82",0.333333333333333,2,0.630813953488372,-0.159883720930233,1.61068702290076,0.618320610687023
"110","GS","dougfir","df888g4",7,"6",0,NA,NA,NA,NA,NA
"111","GS","dougfir","df888g4",23,"6",0.333333333333333,2,0.588235294117647,-0.0735294117647059,0.776923076923077,0.492307692307692
"112","GS","dougfir","df888g4",110,"23",0,NA,NA,NA,NA,NA
"113","GS","dougfir","df888g4",8,"23",0.166666666666667,2,0.977777777777778,0.5,3.36486486486486,1.33783783783784
"114","GS","dougfir","df888g4",122,"8",0,NA,NA,NA,NA,NA
"115","GS","dougfir","df888g4",38,"8",0,NA,NA,NA,NA,NA
"116","GS","dougfir","df888g4",53,"37",0.833333333333333,2,0.488454706927176,-0.245115452930728,1.32246376811594,0.757246376811594
"117","GS","dougfir","df888g4",68,"53",0.333333333333333,2,0.558394160583942,-0.113138686131387,0.486062717770035,0.200348432055749
"118","GS","dougfir","df888g4",83,"68",0,NA,NA,NA,NA,NA
"119","GS","dougfir","df888g4",98,"68",0.166666666666667,2,0.657608695652174,0.0489130434782609,1.21341463414634,0.469512195121951
"120","GS","dougfir","df888g4",111,"98",0,NA,NA,NA,NA,NA
"121","GS","dougfir","df888g4",123,"98",0,NA,NA,NA,NA,NA
"122","GS","dougfir","df888g4",135,"53",0.666666666666667,3,0.525423728813559,NA,2.68803418803419,NA
"123","GS","dougfir","df888g4",9,"135",0,NA,NA,NA,NA,NA
"124","GS","dougfir","df888g4",24,"135",0.333333333333333,3,0.476767676767677,NA,0.749654218533887,NA
"125","GS","dougfir","df888g4",39,"24",0,NA,NA,NA,NA,NA
"126","GS","dougfir","df888g4",54,"24",0,NA,NA,NA,NA,NA
"127","GS","dougfir","df888g4",69,"24",0.166666666666667,2,0.569767441860465,0.0348837209302326,0.74609375,0.19921875
"128","GS","dougfir","df888g4",84,"69",0,NA,NA,NA,NA,NA
"129","GS","dougfir","df888g4",99,"69",0,NA,NA,NA,NA,NA
"130","GS","dougfir","df888g4",112,"135",0.5,3,0.583554376657825,NA,1.26333333333333,NA
"131","GS","dougfir","df888g4",57,"112",0.333333333333333,3,0.791358024691358,NA,1.28838951310861,NA
"132","GS","dougfir","df888g4",124,"112",0.333333333333333,2,0.601382488479263,-0.145161290322581,1.09598214285714,0.640625
"133","GS","dougfir","df888g4",136,"124",0,NA,NA,NA,NA,NA
"134","GS","dougfir","df888g4",100,"124",0.166666666666667,2,0.493827160493827,0.0246913580246913,2.6421568627451,0.544117647058824
"135","GS","dougfir","df888g4",10,"100",0,NA,NA,NA,NA,NA
"136","GS","dougfir","df888g4",25,"100",0,NA,NA,NA,NA,NA
"137","GS","dougfir","df888g4",40,"112",0.333333333333333,2,0.563583815028902,-0.101156069364162,1.76515151515152,0.962121212121212
"138","GS","dougfir","df888g4",11,"40",0.333333333333333,2,0.743478260869565,-0.152173913043478,3.42452830188679,0.462264150943396
"139","GS","dougfir","df888g4",55,"40",0.166666666666667,2,0.625,0.125,0.375,0.0472222222222222
"140","GS","dougfir","df888g4",70,"55",0,NA,NA,NA,NA,NA
"141","GS","dougfir","df888g4",85,"55",0,NA,NA,NA,NA,NA
"142","GS","dougfir","df888g4",26,"11",0,NA,NA,NA,NA,NA
"143","GS","dougfir","df888g4",12,"11",0.166666666666667,2,0.504854368932039,-0.0485436893203883,0.343949044585987,0.0191082802547771
"144","GS","dougfir","df888g4",27,"12",0,NA,NA,NA,NA,NA
"145","GS","dougfir","df888g4",42,"12",0,NA,NA,NA,NA,NA
"146","GS","dougfir","df888g4",72,"57",0.333333333333333,2,0.57843137254902,-0.15359477124183,0.911764705882353,0.289915966386555
"147","GS","dougfir","df888g4",113,"57",0.333333333333333,2,0.619318181818182,-0.0795454545454546,4.02205882352941,2.30147058823529
"148","GS","dougfir","df888g4",56,"57",0.166666666666667,2,0.280448717948718,0.0016025641025641,1.98089171974522,0.00636942675159233
"149","GS","dougfir","df888g4",71,"56",0,NA,NA,NA,NA,NA
"150","GS","dougfir","df888g4",86,"56",0,NA,NA,NA,NA,NA
"151","GS","dougfir","df888g4",101,"72",0,NA,NA,NA,NA,NA
"152","GS","dougfir","df888g4",87,"72",0.166666666666667,2,0.526785714285714,0.0178571428571429,2.83108108108108,0.101351351351351
"153","GS","dougfir","df888g4",102,"87",0,NA,NA,NA,NA,NA
"154","GS","dougfir","df888g4",114,"87",0,NA,NA,NA,NA,NA
"155","GS","dougfir","df888g4",138,"113",0,NA,NA,NA,NA,NA
"156","GS","dougfir","df888g4",126,"113",0.166666666666667,2,0.646341463414634,-0.00406504065040651,2.6025641025641,0.183760683760684
"157","GS","dougfir","df888g4",125,"126",0,NA,NA,NA,NA,NA
"158","GS","dougfir","df888g4",137,"126",0,NA,NA,NA,NA,NA
"159","GS","dougfir","df896g4",13,NA,1,2,0.518453427065026,-0.344463971880492,1.57971014492754,0.840579710144927
"160","GS","dougfir","df896g4",28,"13",0,NA,NA,NA,NA,NA
"161","GS","dougfir","df896g4",43,"13",0.8,2,0.592668024439919,-0.35030549898167,2.48039215686275,1.2843137254902
"162","GS","dougfir","df896g4",58,"43",0,NA,NA,NA,NA,NA
"163","GS","dougfir","df896g4",73,"43",0.6,3,0.628509719222462,NA,1.13114754098361,NA
"164","GS","dougfir","df896g4",59,"73",0.4,2,0.527888446215139,0.260956175298805,1.81640625,0.17578125
"165","GS","dougfir","df896g4",128,"73",0.6,3,0.579870729455217,NA,1.59447983014862,NA
"166","GS","dougfir","df896g4",88,"73",0.4,2,0.369731800766284,-0.147509578544061,1.31782945736434,0.279069767441861
"167","GS","dougfir","df896g4",103,"88",0,NA,NA,NA,NA,NA
"168","GS","dougfir","df896g4",115,"88",0.4,3,0.503703703703704,NA,1.07611940298507,NA
"169","GS","dougfir","df896g4",127,"115",0,NA,NA,NA,NA,NA
"170","GS","dougfir","df896g4",139,"115",0,NA,NA,NA,NA,NA
"171","GS","dougfir","df896g4",14,"115",0.2,2,0.524390243902439,-0.0609756097560976,0.983809523809524,0.0733333333333333
"172","GS","dougfir","df896g4",29,"14",0,NA,NA,NA,NA,NA
"173","GS","dougfir","df896g4",44,"14",0,NA,NA,NA,NA,NA
"174","GS","dougfir","df896g4",74,"59",0,NA,NA,NA,NA,NA
"175","GS","dougfir","df896g4",89,"59",0.2,2,0.429292929292929,0.0808080808080808,1.05686274509804,0.0215686274509804
"176","GS","dougfir","df896g4",104,"89",0,NA,NA,NA,NA,NA
"177","GS","dougfir","df896g4",116,"89",0,NA,NA,NA,NA,NA
"178","GS","dougfir","df896g4",45,"128",0,NA,NA,NA,NA,NA
"179","GS","dougfir","df896g4",60,"128",0.4,3,0.494918699186992,NA,2.03632478632479,NA
"180","GS","dougfir","df896g4",15,"128",0,NA,NA,NA,NA,NA
"181","GS","dougfir","df896g4",75,"60",0,NA,NA,NA,NA,NA
"182","GS","dougfir","df896g4",90,"60",0,NA,NA,NA,NA,NA
"183","GS","dougfir","df896g4",105,"60",0.4,3,0.46078431372549,NA,1.53381642512077,NA
"184","GS","dougfir","df896g4",117,"105",0,NA,NA,NA,NA,NA
"185","GS","dougfir","df896g4",129,"105",0,NA,NA,NA,NA,NA
"186","GS","dougfir","df896g4",141,"105",0.4,2,0.580097087378641,0.235436893203883,0.77027027027027,0.265765765765766
"187","GS","dougfir","df896g4",16,"141",0,NA,NA,NA,NA,NA
"188","GS","dougfir","df896g4",31,"141",0.2,2,0.788690476190476,0.264880952380952,1.62608695652174,0.0869565217391304
"189","GS","dougfir","df896g4",46,"31",0,NA,NA,NA,NA,NA
"190","GS","dougfir","df896g4",76,"31",0,NA,NA,NA,NA,NA
"191","GS","dougfir","dfg2",28,NA,1,2,1.4492385786802,-0.214043993231811,0.910798122065728,0.145539906103286
"192","GS","dougfir","dfg2",121,"28",1,2,0.324008138351984,0.0198372329603255,0.782208588957055,0.242331288343558
"193","GS","dougfir","dfg2",58,"28",0.8,2,0.289041095890411,-0.212328767123288,0.291111111111111,0.00666666666666666
"194","GS","dougfir","dfg2",73,"58",0,NA,NA,NA,NA,NA
"195","GS","dougfir","dfg2",88,"58",0.6,2,0.677595628415301,0.0437158469945356,1.453125,0.03125
"196","GS","dougfir","dfg2",49,"88",0.4,2,0.599137931034483,0.258620689655172,1.54395604395604,0.730769230769231
"197","GS","dougfir","dfg2",103,"88",0.4,3,0.738636363636364,NA,2.3859649122807,NA
"198","GS","dougfir","dfg2",115,"103",0,NA,NA,NA,NA,NA
"199","GS","dougfir","dfg2",127,"103",0,NA,NA,NA,NA,NA
"200","GS","dougfir","dfg2",114,"103",0.4,2,0.182954545454545,-0.0647727272727273,0.143037974683544,0.0164556962025316
"201","GS","dougfir","dfg2",126,"114",0,NA,NA,NA,NA,NA
"202","GS","dougfir","dfg2",138,"114",0.2,3,0.470948012232416,NA,1.24666666666667,NA
"203","GS","dougfir","dfg2",1,"138",0,NA,NA,NA,NA,NA
"204","GS","dougfir","dfg2",19,"138",0,NA,NA,NA,NA,NA
"205","GS","dougfir","dfg2",34,"138",0,NA,NA,NA,NA,NA
"206","GS","dougfir","dfg2",108,"49",0.4,2,0.620603015075377,0.0226130653266332,0.509661835748792,0.161835748792271
"207","GS","dougfir","dfg2",64,"49",0.2,2,0.620253164556962,0,0.763513513513513,0.0202702702702703
"208","GS","dougfir","dfg2",79,"64",0,NA,NA,NA,NA,NA
"209","GS","dougfir","dfg2",94,"64",0,NA,NA,NA,NA,NA
"210","GS","dougfir","dfg2",35,"108",0.2,2,0.941176470588235,0.621848739495798,1.77777777777778,1.04166666666667
"211","GS","dougfir","dfg2",20,"108",0,NA,NA,NA,NA,NA
"212","GS","dougfir","dfg2",50,"35",0,NA,NA,NA,NA,NA
"213","GS","dougfir","dfg2",80,"35",0,NA,NA,NA,NA,NA
"214","GS","dougfir","dfg2",134,"121",0.8,2,0.67603550295858,-0.116863905325444,0.476047904191617,0.0868263473053892
"215","GS","dougfir","dfg2",133,"121",0.6,2,0.722408026755853,-0.321070234113712,1.75,0.431818181818182
"216","GS","dougfir","dfg2",95,"133",0.4,2,0.657051282051282,0.25,0.788793103448276,0.314655172413793
"217","GS","dougfir","dfg2",4,"133",0.4,2,0.491666666666667,0.0416666666666667,0.114583333333333,0.00520833333333333
"218","GS","dougfir","dfg2",66,"4",0.2,2,0.555555555555555,0.148148148148148,2.0952380952381,0.476190476190476
"219","GS","dougfir","dfg2",21,"4",0.2,2,0.4453125,0.0234375,1.82608695652174,0.521739130434783
"220","GS","dougfir","dfg2",36,"21",0,NA,NA,NA,NA,NA
"221","GS","dougfir","dfg2",51,"21",0,NA,NA,NA,NA,NA
"222","GS","dougfir","dfg2",81,"66",0,NA,NA,NA,NA,NA
"223","GS","dougfir","dfg2",96,"66",0,NA,NA,NA,NA,NA
"224","GS","dougfir","dfg2",52,"95",0.2,3,0.49469964664311,NA,0.84375,NA
"225","GS","dougfir","dfg2",132,"95",0.2,2,0.677165354330709,0.338582677165354,1.64545454545455,0.718181818181818
"226","GS","dougfir","dfg2",5,"132",0,NA,NA,NA,NA,NA
"227","GS","dougfir","dfg2",37,"132",0,NA,NA,NA,NA,NA
"228","GS","dougfir","dfg2",67,"52",0,NA,NA,NA,NA,NA
"229","GS","dougfir","dfg2",122,"52",0,NA,NA,NA,NA,NA
"230","GS","dougfir","dfg2",97,"52",0,NA,NA,NA,NA,NA
"231","GS","dougfir","dfg2",2,"134",0.2,2,0.788359788359788,-0.232804232804233,2.18085106382979,0.574468085106383
"232","GS","dougfir","dfg2",38,"2",0,NA,NA,NA,NA,NA
"233","GS","dougfir","dfg2",23,"2",0,NA,NA,NA,NA,NA
"234","GS","dougfir","dfg2",53,"134",0.8,2,0.593283582089552,-0.298507462686567,1.68461538461538,0.576923076923077
"235","GS","dougfir","dfg2",68,"53",0,NA,NA,NA,NA,NA
"236","GS","dougfir","dfg2",83,"53",0.6,3,0.834030683403068,NA,2.31481481481481,NA
"237","GS","dougfir","dfg2",98,"83",0,NA,NA,NA,NA,NA
"238","GS","dougfir","dfg2",111,"83",0,NA,NA,NA,NA,NA
"239","GS","dougfir","dfg2",135,"83",0.6,2,0.256871035940803,0.127906976744186,0.239463601532567,0.170498084291188
"240","GS","dougfir","dfg2",7,"135",0,NA,NA,NA,NA,NA
"241","GS","dougfir","dfg2",8,"135",0.4,2,0.565934065934066,0.302197802197802,0.588785046728972,0.102803738317757
"242","GS","dougfir","dfg2",9,"8",0,NA,NA,NA,NA,NA
"243","GS","dougfir","dfg2",24,"8",0.4,2,0.680379746835443,0.117088607594937,1.73648648648649,0.439189189189189
"244","GS","dougfir","dfg2",39,"24",0,NA,NA,NA,NA,NA
"245","GS","dougfir","dfg2",54,"24",0.2,3,0.447089947089947,NA,0.467908902691511,NA
"246","GS","dougfir","dfg2",69,"54",0,NA,NA,NA,NA,NA
"247","GS","dougfir","dfg2",84,"54",0,NA,NA,NA,NA,NA
"248","GS","dougfir","dfg2",99,"54",0,NA,NA,NA,NA,NA
"249","AS","maple","maple1",119,NA,1,2,0.56386292834891,-0.313603322949117,2.07784431137725,0.029940119760479
"250","AS","maple","maple1",79,"119",1,2,0.589940828402367,0.130769230769231,0.494152046783626,0.312865497076023
"251","AS","maple","maple1",131,"119",0.5,2,0.663900414937759,0.0746887966804979,0.319602272727273,0.0127840909090909
"252","AS","maple","maple1",143,"131",0,NA,NA,NA,NA,NA
"253","AS","maple","maple1",1,"131",0.25,3,0.632958801498127,NA,0.501424501424501,NA
"254","AS","maple","maple1",19,"1",0,NA,NA,NA,NA,NA
"255","AS","maple","maple1",34,"1",0,NA,NA,NA,NA,NA
"256","AS","maple","maple1",49,"1",0,NA,NA,NA,NA,NA
"257","AS","maple","maple1",108,"79",0.75,2,1.5,0.713917525773196,6.91935483870968,3.03225806451613
"258","AS","maple","maple1",95,"79",0.5,2,0.486863711001642,0.227422003284072,0.726449275362319,0.313405797101449
"259","AS","maple","maple1",80,"95",0,NA,NA,NA,NA,NA
"260","AS","maple","maple1",2,"95",0.25,2,0.636075949367089,-0.0854430379746835,0.368421052631579,0.0350877192982456
"261","AS","maple","maple1",20,"2",0,NA,NA,NA,NA,NA
"262","AS","maple","maple1",35,"2",0,NA,NA,NA,NA,NA
"263","AS","maple","maple1",51,"108",0.5,2,0.944262295081967,-0.239344262295082,0.558091286307054,0.12655601659751
"264","AS","maple","maple1",4,"108",0.25,2,0.0867287543655413,0.0320139697322468,0.0542949756888168,0.0235008103727715
"265","AS","maple","maple1",21,"4",0,NA,NA,NA,NA,NA
"266","AS","maple","maple1",36,"4",0,NA,NA,NA,NA,NA
"267","AS","maple","maple1",121,"51",0.5,2,1.19767441860465,0.072093023255814,0.715151515151515,0.193939393939394
"268","AS","maple","maple1",81,"51",0.25,2,0.25207756232687,0.00554016620498615,0.971153846153846,0.0673076923076923
"269","AS","maple","maple1",96,"81",0,NA,NA,NA,NA,NA
"270","AS","maple","maple1",109,"81",0,NA,NA,NA,NA,NA
"271","AS","maple","maple1",22,"121",0.25,2,0.233471074380165,0.00206611570247932,0.313953488372093,0.0116279069767442
"272","AS","maple","maple1",5,"121",0,NA,NA,NA,NA,NA
"273","AS","maple","maple1",37,"22",0,NA,NA,NA,NA,NA
"274","AS","maple","maple1",52,"22",0,NA,NA,NA,NA,NA
"275","AS","maple","maple2",85,NA,1,2,0.743498817966903,-0.0957446808510638,0.760956175298805,0.0278884462151395
"276","AS","maple","maple2",100,"85",0,NA,NA,NA,NA,NA
"277","AS","maple","maple2",41,"85",1,2,0.770422535211268,0.0323943661971831,0.955163043478261,0.245923913043478
"278","AS","maple","maple2",56,"41",0,NA,NA,NA,NA,NA
"279","AS","maple","maple2",101,"41",0.5,2,0.757894736842105,-0.0596491228070176,0.229638009049774,0.0984162895927602
"280","AS","maple","maple2",71,"101",0,NA,NA,NA,NA,NA
"281","AS","maple","maple2",86,"101",0,NA,NA,NA,NA,NA
"282","AS","maple","maple3",91,NA,1,2,0.783292978208232,0.127118644067797,1.33413461538462,0.0456730769230769
"283","AS","maple","maple3",18,"91",1,2,0.69281914893617,-0.184840425531915,0.717770034843206,0.139372822299652
"284","AS","maple","maple3",17,"91",0.666666666666667,2,0.976014760147601,0.289667896678967,0.26865671641791,0.123134328358209
"285","AS","maple","maple3",62,"17",0.333333333333333,2,0.790322580645161,0.021505376344086,1.70512820512821,0.0384615384615384
"286","AS","maple","maple3",47,"17",0,NA,NA,NA,NA,NA
"287","AS","maple","maple3",77,"62",0,NA,NA,NA,NA,NA
"288","AS","maple","maple3",92,"62",0,NA,NA,NA,NA,NA
"289","AS","maple","maple3",33,"18",0,NA,NA,NA,NA,NA
"290","AS","maple","maple3",48,"18",0.666666666666667,2,0.798484848484848,-0.0833333333333334,1.33433734939759,0.243975903614458
"291","AS","maple","maple3",118,"48",0.333333333333333,2,0.663135593220339,0.0529661016949153,0.198473282442748,0.0229007633587786
"292","AS","maple","maple3",63,"48",0.333333333333333,2,1.05841924398625,0.398625429553265,1.42817679558011,0.560773480662983
"293","AS","maple","maple3",78,"63",0,NA,NA,NA,NA,NA
"294","AS","maple","maple3",106,"63",0,NA,NA,NA,NA,NA
"295","AS","maple","maple3",130,"118",0,NA,NA,NA,NA,NA
"296","AS","maple","maple3",142,"118",0,NA,NA,NA,NA,NA
"297","AS","maple","maple4",97,NA,1,2,0.371160409556314,0.0947098976109215,0.82345971563981,0.2239336492891
"298","AS","maple","maple4",98,"97",1,2,1.05092592592593,0.24537037037037,0.74901185770751,0.270750988142292
"299","AS","maple","maple4",23,"97",0.5,2,0.641025641025641,0.293040293040293,0.729638009049774,0.123303167420814
"300","AS","maple","maple4",38,"23",0,NA,NA,NA,NA,NA
"301","AS","maple","maple4",83,"23",0,NA,NA,NA,NA,NA
"302","AS","maple","maple4",111,"98",0.5,2,0.544061302681992,0.0957854406130268,0.62396694214876,0.574380165289256
"303","AS","maple","maple4",122,"98",0,NA,NA,NA,NA,NA
"304","AS","maple","maple4",123,"111",0,NA,NA,NA,NA,NA
"305","AS","maple","maple4",135,"111",0,NA,NA,NA,NA,NA
"306","AS","maple","maple5",143,"/",1,2,0.741355463347165,0.128630705394191,5.32352941176471,1.23529411764706
"307","AS","maple","maple5",118,"143",1,2,0.678060413354531,-0.205882352941176,0.303811659192825,0.173766816143498
"308","AS","maple","maple5",18,"143",0.5,2,1.02595936794582,0.384875846501129,0.579136690647482,0.23021582733813
"309","AS","maple","maple5",47,"18",0.25,2,1.77640845070423,0.399647887323944,1.62371134020619,0.438144329896907
"310","AS","maple","maple5",17,"18",0.25,2,0.5264,-0.1984,0.855555555555556,0.0555555555555556
"311","AS","maple","maple5",48,"17",0,NA,NA,NA,NA,NA
"312","AS","maple","maple5",63,"17",0,NA,NA,NA,NA,NA
"313","AS","maple","maple5",78,"47",0,NA,NA,NA,NA,NA
"314","AS","maple","maple5",106,"47",0,NA,NA,NA,NA,NA
"315","AS","maple","maple5",107,"118",0.75,3,0.650479616306955,NA,3.24712643678161,NA
"316","AS","maple","maple5",130,"118",0.5,2,1.14814814814815,-0.451178451178451,0.481220657276995,0.166666666666667
"317","AS","maple","maple5",142,"130",0,NA,NA,NA,NA,NA
"318","AS","maple","maple5",93,"130",0.25,2,0.251578947368421,-0.0978947368421053,0.873134328358209,0.0373134328358209
"319","AS","maple","maple5",31,"93",0,NA,NA,NA,NA,NA
"320","AS","maple","maple5",46,"93",0,NA,NA,NA,NA,NA
"321","AS","maple","maple5",61,"107",0,NA,NA,NA,NA,NA
"322","AS","maple","maple5",131,"107",0.75,2,1.11646586345382,-0.479919678714859,1.75,0.0372340425531915
"323","AS","maple","maple5",76,"107",0,NA,NA,NA,NA,NA
"324","AS","maple","maple5",90,"131",0.5,2,0.569811320754717,-0.208805031446541,0.984472049689441,0.00310559006211179
"325","AS","maple","maple5",91,"131",0.5,2,1.07570977917981,0.539432176656151,0.357142857142857,0.0416666666666667
"326","AS","maple","maple5",15,"91",0,NA,NA,NA,NA,NA
"327","AS","maple","maple5",45,"91",0.25,2,0.3193359375,-0.000976562500000001,2.11940298507463,0.0746268656716418
"328","AS","maple","maple5",60,"45",0,NA,NA,NA,NA,NA
"329","AS","maple","maple5",75,"45",0,NA,NA,NA,NA,NA
"330","AS","maple","maple5",8,"90",0.25,2,0.532310177705977,0.254442649434572,1.50949367088608,0.0474683544303797
"331","AS","maple","maple5",105,"90",0.25,2,0.686411149825784,0.00348432055749129,0.823899371069182,0.144654088050314
"332","AS","maple","maple5",117,"105",0,NA,NA,NA,NA,NA
"333","AS","maple","maple5",129,"105",0,NA,NA,NA,NA,NA
"334","AS","maple","maple5",29,"8",0,NA,NA,NA,NA,NA
"335","AS","maple","maple5",24,"8",0,NA,NA,NA,NA,NA
"336","AS","oak","oak1",99,NA,1,2,0.668292682926829,0.134146341463415,0.315280464216634,0.20889748549323
"337","AS","oak","oak1",44,"99",0.666666666666667,2,0.624620060790273,-0.104863221884498,0.946494464944649,0.0977859778597786
"338","AS","oak","oak1",140,"99",0.666666666666667,2,0.737442922374429,-0.0114155251141552,3.84545454545455,0.845454545454546
"339","AS","oak","oak1",59,"44",0.333333333333333,2,0.652046783625731,0.160818713450292,0.134275618374558,0.049469964664311
"340","AS","oak","oak1",74,"59",0,NA,NA,NA,NA,NA
"341","AS","oak","oak1",89,"59",0,NA,NA,NA,NA,NA
"342","AS","oak","oak1",104,"44",0.333333333333333,2,0.672916666666667,0.0729166666666667,0.871739130434783,0.497826086956522
"343","AS","oak","oak1",116,"104",0,NA,NA,NA,NA,NA
"344","AS","oak","oak1",128,"104",0,NA,NA,NA,NA,NA
"345","AS","oak","oak1",10,"140",0,NA,NA,NA,NA,NA
"346","AS","oak","oak1",25,"140",0.666666666666667,2,0.735849056603774,0.264150943396226,0.13953488372093,0.0426356589147287
"347","AS","oak","oak1",40,"25",0,NA,NA,NA,NA,NA
"348","AS","oak","oak1",55,"25",0.333333333333333,3,0.645702306079665,NA,0.723404255319149,NA
"349","AS","oak","oak1",85,"55",0,NA,NA,NA,NA,NA
"350","AS","oak","oak1",100,"55",0,NA,NA,NA,NA,NA
"351","AS","oak","oak1",70,"55",0,NA,NA,NA,NA,NA
"352","AS","oak","oak2",112,NA,1,2,0.665236051502146,-0.291845493562232,0.577639751552795,0.282608695652174
"353","AS","oak","oak2",11,"112",0,NA,NA,NA,NA,NA
"354","AS","oak","oak2",26,"112",0.75,2,0.634529147982063,0.20627802690583,2.03684210526316,0.394736842105263
"355","AS","oak","oak2",86,"26",0.75,2,0.868,0.0893333333333333,0.744588744588744,0.264069264069264
"356","AS","oak","oak2",41,"26",0.25,2,0.602094240837696,0.0890052356020943,1.00961538461538,0.355769230769231
"357","AS","oak","oak2",56,"41",0,NA,NA,NA,NA,NA
"358","AS","oak","oak2",71,"41",0,NA,NA,NA,NA,NA
"359","AS","oak","oak2",124,"86",0.5,3,0.458681522748375,NA,0.798283261802575,NA
"360","AS","oak","oak2",137,"86",0,NA,NA,NA,NA,NA
"361","AS","oak","oak2",102,"136",0,NA,NA,NA,NA,NA
"362","AS","oak","oak2",12,"136",0,NA,NA,NA,NA,NA
"363","AS","oak","oak2",87,"136",0,NA,NA,NA,NA,NA
"364","AS","oak","oak2",136,"124",0.25,3,0.627572016460905,NA,0.581967213114754,NA
"365","AS","oak","oak2",72,"124",0,NA,NA,NA,NA,NA
"366","AS","oak","oak2",27,"124",0.25,3,0.570261437908497,NA,0.342198581560284,NA
"367","AS","oak","oak2",13,"27",0,NA,NA,NA,NA,NA
"368","AS","oak","oak2",57,"27",0,NA,NA,NA,NA,NA
"369","AS","oak","oak2",42,"27",0,NA,NA,NA,NA,NA
"370","AS","oak","oak3",114,NA,1,2,0.7,-0.173214285714286,2,0.261194029850746
"371","AS","oak","oak3",126,"114",0.75,2,0.53728813559322,-0.0525423728813559,0.750825082508251,0.123762376237624
"372","AS","oak","oak3",140,"114",0.75,2,0.621676891615542,0.0368098159509203,0.90343347639485,0.109442060085837
"373","AS","oak","oak3",127,"126",0.5,2,0.962643678160919,0.267241379310345,0.66578947368421,0.302631578947368
"374","AS","oak","oak3",138,"126",0.25,3,0.65967365967366,NA,0.179874213836478,NA
"375","AS","oak","oak3",17,"138",0,NA,NA,NA,NA,NA
"376","AS","oak","oak3",16,"138",0,NA,NA,NA,NA,NA
"377","AS","oak","oak3",31,"138",0,NA,NA,NA,NA,NA
"378","AS","oak","oak3",104,"127",0,NA,NA,NA,NA,NA
"379","AS","oak","oak3",139,"127",0.5,2,1,-0.148760330578512,1.02898550724638,0.623188405797102
"380","AS","oak","oak3",91,"139",0,NA,NA,NA,NA,NA
"381","AS","oak","oak3",116,"139",0.25,2,0.694174757281553,0.0728155339805825,0.368421052631579,0.184210526315789
"382","AS","oak","oak3",61,"116",0,NA,NA,NA,NA,NA
"383","AS","oak","oak3",128,"116",0,NA,NA,NA,NA,NA
"384","AS","oak","oak3",129,"140",0.5,3,0.48951048951049,NA,1.08108108108108,NA
"385","AS","oak","oak3",18,"140",0.5,3,0.514492753623188,NA,0.581920903954802,NA
"386","AS","oak","oak3",47,"18",0,NA,NA,NA,NA,NA
"387","AS","oak","oak3",33,"18",0.5,2,0.704081632653061,-0.13265306122449,0.364341085271318,0.0930232558139535
"388","AS","oak","oak3",48,"18",0.5,2,0.706586826347306,-0.0479041916167664,0.305882352941176,0.158823529411765
"389","AS","oak","oak3",63,"33",0,NA,NA,NA,NA,NA
"390","AS","oak","oak3",62,"33",0.25,2,0.792682926829268,0.0691056910569106,2.21428571428571,0.185714285714286
"391","AS","oak","oak3",78,"62",0,NA,NA,NA,NA,NA
"392","AS","oak","oak3",93,"62",0,NA,NA,NA,NA,NA
"393","AS","oak","oak3",105,"48",0,NA,NA,NA,NA,NA
"394","AS","oak","oak3",77,"48",0.25,2,0.825396825396825,-0.00793650793650794,1.72,0.36
"395","AS","oak","oak3",76,"77",0,NA,NA,NA,NA,NA
"396","AS","oak","oak3",117,"77",0,NA,NA,NA,NA,NA
"397","AS","oak","oak3",141,"129",0,NA,NA,NA,NA,NA
"398","AS","oak","oak3",107,"129",0.5,3,0.491803278688525,NA,0.46969696969697,NA
"399","AS","oak","oak3",106,"129",0.25,2,0.683823529411765,0.161764705882353,0.169354838709677,0.0403225806451613
"400","AS","oak","oak3",92,"106",0,NA,NA,NA,NA,NA
"401","AS","oak","oak3",118,"106",0,NA,NA,NA,NA,NA
"402","AS","oak","oak3",130,"107",0,NA,NA,NA,NA,NA
"403","AS","oak","oak3",119,"107",0,NA,NA,NA,NA,NA
"404","AS","oak","oak3",142,"107",0.25,2,0.743243243243243,0.0945945945945946,1.16129032258065,0.397849462365591
"405","AS","oak","oak3",131,"142",0,NA,NA,NA,NA,NA
"406","AS","oak","oak3",143,"142",0,NA,NA,NA,NA,NA
"407","AS","oak","oak4",1,NA,1,3,0.580204778156997,NA,1.74666666666667,NA
"408","AS","oak","oak4",95,"1",0.666666666666667,2,0.638157894736842,-0.193421052631579,0.698501872659176,0.249063670411985
"409","AS","oak","oak4",19,"1",0.666666666666667,2,0.566246056782334,-0.143533123028391,0.553149606299213,0.0413385826771654
"410","AS","oak","oak4",132,"1",0.666666666666667,2,0.547987616099071,0.238390092879257,0.775471698113208,0.349056603773585
"411","AS","oak","oak4",34,"19",0,NA,NA,NA,NA,NA
"412","AS","oak","oak4",49,"19",0.666666666666667,2,0.715555555555556,-0.208888888888889,0.573076923076923,0.203846153846154
"413","AS","oak","oak4",64,"49",0,NA,NA,NA,NA,NA
"414","AS","oak","oak4",2,"49",0.333333333333333,2,0.584134615384615,0.137019230769231,2.94791666666667,1.28125
"415","AS","oak","oak4",79,"2",0,NA,NA,NA,NA,NA
"416","AS","oak","oak4",94,"2",0,NA,NA,NA,NA,NA
"417","AS","oak","oak4",80,"95",0,NA,NA,NA,NA,NA
"418","AS","oak","oak4",65,"95",0.666666666666667,2,0.583860759493671,0.194620253164557,2.29166666666667,0.941666666666667
"419","AS","oak","oak4",50,"65",0,NA,NA,NA,NA,NA
"420","AS","oak","oak4",35,"65",0.333333333333333,2,0.459349593495935,0.105691056910569,0.335051546391753,0.162371134020619
"421","AS","oak","oak4",108,"35",0,NA,NA,NA,NA,NA
"422","AS","oak","oak4",120,"35",0,NA,NA,NA,NA,NA
"423","AS","oak","oak4",20,"132",0.333333333333333,2,0.69,0.06,0.371681415929204,0.0619469026548673
"424","AS","oak","oak4",96,"132",0.333333333333333,4,0.378937007874016,NA,0.353187919463087,NA
"425","AS","oak","oak4",3,"20",0,NA,NA,NA,NA,NA
"426","AS","oak","oak4",4,"20",0,NA,NA,NA,NA,NA
"427","AS","oak","oak4",21,"96",0,NA,NA,NA,NA,NA
"428","AS","oak","oak4",36,"96",0,NA,NA,NA,NA,NA
"429","AS","oak","oak4",51,"96",0,NA,NA,NA,NA,NA
"430","AS","oak","oak4",66,"96",0,NA,NA,NA,NA,NA
"431","AS","oak","oak5",109,NA,1,2,0.602395209580838,0.165269461077844,0.615635179153094,0.0521172638436482
"432","AS","oak","oak5",5,"109",0.75,2,0.657534246575342,0.112328767123288,0.583815028901734,0.121387283236994
"433","AS","oak","oak5",121,"5",0.5,2,0.642348754448399,0.0907473309608541,0.85655737704918,0.0204918032786885
"434","AS","oak","oak5",22,"5",0.25,2,0.668341708542714,-0.0351758793969849,0.89375,0.16875
"435","AS","oak","oak5",37,"22",0,NA,NA,NA,NA,NA
"436","AS","oak","oak5",52,"22",0,NA,NA,NA,NA,NA
"437","AS","oak","oak5",67,"121",0,NA,NA,NA,NA,NA
"438","AS","oak","oak5",82,"121",0.5,2,0.752427184466019,-0.135922330097087,0.705607476635514,0.35981308411215
"439","AS","oak","oak5",97,"82",0,NA,NA,NA,NA,NA
"440","AS","oak","oak5",6,"82",0.25,2,0.887978142076503,0.101092896174863,1.28378378378378,0.527027027027027
"441","AS","oak","oak5",7,"6",0,NA,NA,NA,NA,NA
"442","AS","oak","oak5",110,"6",0,NA,NA,NA,NA,NA
"443","AS","oak","oak5",133,"109",1,4,0.524570982839314,NA,0.579268292682927,NA
"444","AS","oak","oak5",122,"133",0,NA,NA,NA,NA,NA
"445","AS","oak","oak5",134,"133",0,NA,NA,NA,NA,NA
"446","AS","oak","oak5",123,"133",0.75,2,0.700520833333333,-0.143229166666667,2.95588235294118,0.28921568627451
"447","AS","oak","oak5",23,"133",0.5,2,0.576131687242798,-0.0905349794238683,0.425824175824176,0.0137362637362637
"448","AS","oak","oak5",38,"23",0,NA,NA,NA,NA,NA
"449","AS","oak","oak5",53,"23",0.5,2,0.910493827160494,-0.138888888888889,0.36,0.226666666666667
"450","AS","oak","oak5",68,"53",0,NA,NA,NA,NA,NA
"451","AS","oak","oak5",83,"53",0.25,2,0.697058823529412,0.00882352941176471,3.45,0.45
"452","AS","oak","oak5",98,"83",0,NA,NA,NA,NA,NA
"453","AS","oak","oak5",111,"83",0,NA,NA,NA,NA,NA
"454","AS","oak","oak5",85,"123",0.5,2,0.630658436213992,0.0401234567901234,1.02573529411765,0.191176470588235
"455","AS","oak","oak5",135,"123",0.5,2,0.643302180685358,-0.0389408099688473,0.110271903323263,0.06797583081571
"456","AS","oak","oak5",8,"135",0,NA,NA,NA,NA,NA
"457","AS","oak","oak5",9,"135",0.5,2,0.728310502283105,-0.0296803652968036,3.10714285714286,0.107142857142857
"458","AS","oak","oak5",10,"9",0,NA,NA,NA,NA,NA
"459","AS","oak","oak5",25,"9",0.25,3,0.672690763052209,NA,0.865079365079365,NA
"460","AS","oak","oak5",40,"25",0,NA,NA,NA,NA,NA
"461","AS","oak","oak5",70,"25",0,NA,NA,NA,NA,NA
"462","AS","oak","oak5",55,"25",0,NA,NA,NA,NA,NA
"463","AS","oak","oak5",84,"85",0,NA,NA,NA,NA,NA
"464","AS","oak","oak5",69,"85",0.5,3,0.552845528455285,NA,0.336270190895742,NA
"465","AS","oak","oak5",54,"69",0,NA,NA,NA,NA,NA
"466","AS","oak","oak5",39,"69",0,NA,NA,NA,NA,NA
"467","AS","oak","oak5",24,"69",0.25,2,0.819018404907976,0.0644171779141104,0.509433962264151,0.0188679245283019
"468","AS","oak","oak5",11,"24",0,NA,NA,NA,NA,NA
"469","AS","oak","oak5",26,"24",0,NA,NA,NA,NA,NA
"470","AS","robinia","rob1212g5",104,NA,1,3,0.429315476190476,NA,2.17325800376648,NA
"471","AS","robinia","rob1212g5",116,"104",0,NA,NA,NA,NA,NA
"472","AS","robinia","rob1212g5",128,"104",0,NA,NA,NA,NA,NA
"473","AS","robinia","rob1212g5",140,"104",1,2,0.717948717948718,-0.193732193732194,1.20909090909091,0.659090909090909
"474","AS","robinia","rob1212g5",62,"140",0.666666666666667,3,0.376041666666667,NA,2.73553719008264,NA
"475","AS","robinia","rob1212g5",77,"140",0,NA,NA,NA,NA,NA
"476","AS","robinia","rob1212g5",93,"62",0,NA,NA,NA,NA,NA
"477","AS","robinia","rob1212g5",78,"62",0,NA,NA,NA,NA,NA
"478","AS","robinia","rob1212g5",63,"62",0.666666666666667,2,0.566350710900474,-0.0308056872037915,1.85526315789474,0.486842105263158
"479","AS","robinia","rob1212g5",48,"63",0,NA,NA,NA,NA,NA
"480","AS","robinia","rob1212g5",33,"63",0.333333333333333,2,0.384920634920635,-0.0833333333333333,1.89423076923077,0.387820512820513
"481","AS","robinia","rob1212g5",18,"33",0,NA,NA,NA,NA,NA
"482","AS","robinia","rob1212g5",61,"33",0,NA,NA,NA,NA,NA
"483","AS","robinia","rob1",25,NA,1,2,0.281426953567384,-0.138731596828992,0.507025761124122,0.233021077283372
"484","AS","robinia","rob1",40,"25",0,NA,NA,NA,NA,NA
"485","AS","robinia","rob1",55,"25",1,2,0.778975741239892,-0.0673854447439354,3.70940170940171,0.564102564102564
"486","AS","robinia","rob1",100,"55",0.666666666666667,2,0.775477707006369,0.106687898089172,0.56929347826087,0.36820652173913
"487","AS","robinia","rob1",85,"55",0,NA,NA,NA,NA,NA
"488","AS","robinia","rob1",41,"100",0.666666666666667,3,0.509523809523809,NA,1.57657657657658,NA
"489","AS","robinia","rob1",26,"100",0,NA,NA,NA,NA,NA
"490","AS","robinia","rob1",56,"41",0,NA,NA,NA,NA,NA
"491","AS","robinia","rob1",71,"41",0,NA,NA,NA,NA,NA
"492","AS","robinia","rob1",86,"41",0.333333333333333,2,1.07191780821918,0.462328767123288,0.920792079207921,0.227722772277228
"493","AS","robinia","rob1",101,"86",0,NA,NA,NA,NA,NA
"494","AS","robinia","rob1",27,"86",0,NA,NA,NA,NA,NA
"495","AS","robinia","rob2",42,NA,1,2,0.954268292682927,0.78760162601626,0.296610169491525,0.161016949152542
"496","AS","robinia","rob2",57,"42",0,NA,NA,NA,NA,NA
"497","AS","robinia","rob2",87,"42",0.8,2,0.654609101516919,0.388564760793466,1.22222222222222,0.345679012345679
"498","AS","robinia","rob2",125,"87",0.8,2,0.303691275167785,0.247762863534676,0.568897637795276,0.43503937007874
"499","AS","robinia","rob2",102,"87",0.6,2,0.638157894736842,0.129385964912281,0.53169014084507,0.397887323943662
"500","AS","robinia","rob2",13,"102",0,NA,NA,NA,NA,NA
"501","AS","robinia","rob2",28,"102",0.4,2,0.622857142857143,0.148571428571429,0.708333333333333,0.0871212121212122
"502","AS","robinia","rob2",112,"28",0.4,2,0.514814814814815,0.196296296296296,0.347619047619048,0.0523809523809524
"503","AS","robinia","rob2",43,"28",0.2,2,0.716867469879518,-0.174698795180723,0.676829268292683,0.189024390243902
"504","AS","robinia","rob2",58,"43",0,NA,NA,NA,NA,NA
"505","AS","robinia","rob2",73,"43",0,NA,NA,NA,NA,NA
"506","AS","robinia","rob2",113,"112",0,NA,NA,NA,NA,NA
"507","AS","robinia","rob2",15,"112",0.2,2,0.78125,0.291666666666667,1.04761904761905,0.452380952380952
"508","AS","robinia","rob2",30,"15",0,NA,NA,NA,NA,NA
"509","AS","robinia","rob2",45,"15",0,NA,NA,NA,NA,NA
"510","AS","robinia","rob2",60,"125",0,NA,NA,NA,NA,NA
"511","AS","robinia","rob2",124,"125",0.6,2,0.260649087221095,0.112576064908722,0.319607843137255,0.0372549019607843
"512","AS","robinia","rob2",137,"124",0,NA,NA,NA,NA,NA
"513","AS","robinia","rob2",136,"124",0.6,2,0.64945652173913,-0.00815217391304348,1.26923076923077,0.510989010989011
"514","AS","robinia","rob2",90,"136",0,NA,NA,NA,NA,NA
"515","AS","robinia","rob2",14,"136",0.4,2,0.593220338983051,0.220338983050847,0.194444444444444,0.114197530864198
"516","AS","robinia","rob2",29,"14",0,NA,NA,NA,NA,NA
"517","AS","robinia","rob2",115,"14",0.4,2,0.682291666666667,-0.109375,0.85,0.05
"518","AS","robinia","rob2",44,"115",0,NA,NA,NA,NA,NA
"519","AS","robinia","rob2",59,"115",0.2,2,0.802631578947368,0.144736842105263,0.75,0.3
"520","AS","robinia","rob2",74,"59",0,NA,NA,NA,NA,NA
"521","AS","robinia","rob2",89,"59",0,NA,NA,NA,NA,NA
"522","AS","robinia","rob3g5",41,NA,1,2,0.587004405286344,-0.335903083700441,0.630434782608695,0.0279503105590062
"523","AS","robinia","rob3g5",56,"41",0,NA,NA,NA,NA,NA
"524","AS","robinia","rob3g5",71,"41",1,2,0.570405727923628,-0.0835322195704057,6.11340206185567,0.432989690721649
"525","AS","robinia","rob3g5",86,"71",0,NA,NA,NA,NA,NA
"526","AS","robinia","rob3g5",12,"71",0.666666666666667,2,0.620437956204379,-0.156934306569343,0.294010889292196,0.156079854809437
"527","AS","robinia","rob3g5",27,"12",0,NA,NA,NA,NA,NA
"528","AS","robinia","rob3g5",42,"12",0.666666666666667,2,0.612676056338028,0.307511737089202,0.625,0.00657894736842103
"529","AS","robinia","rob3g5",57,"42",0,NA,NA,NA,NA,NA
"530","AS","robinia","rob3g5",72,"42",0.333333333333333,2,0.571428571428572,0.0459183673469388,3.17708333333333,2.51041666666667
"531","AS","robinia","rob3g5",87,"72",0,NA,NA,NA,NA,NA
"532","AS","robinia","rob3g5",13,"72",0,NA,NA,NA,NA,NA
"533","AS","robinia","rob4g5",28,NA,1,2,0.538610038610039,-0.33011583011583,1.09627329192547,0.350931677018634
"534","AS","robinia","rob4g5",43,"28",0,NA,NA,NA,NA,NA
"535","AS","robinia","rob4g5",58,"28",0.8,2,1.62444444444444,-0.195555555555556,1.1125,0.0541666666666666
"536","AS","robinia","rob4g5",88,"58",0.6,2,0.264385692068429,0.175738724727838,0.960714285714286,0.660714285714286
"537","AS","robinia","rob4g5",99,"88",0,NA,NA,NA,NA,NA
"538","AS","robinia","rob4g5",100,"88",0.4,2,1.18197879858657,-0.521201413427562,0.740088105726872,0.00881057268722464
"539","AS","robinia","rob4g5",113,"100",0.4,2,0.337136929460581,0.225103734439834,1.12349397590361,0.0271084337349398
"540","AS","robinia","rob4g5",102,"100",0,NA,NA,NA,NA,NA
"541","AS","robinia","rob4g5",125,"113",0,NA,NA,NA,NA,NA
"542","AS","robinia","rob4g5",126,"113",0.2,2,0.490774907749077,0.280442804428044,0.348167539267016,0.217277486910995
"543","AS","robinia","rob4g5",138,"126",0,NA,NA,NA,NA,NA
"544","AS","robinia","rob4g5",14,"126",0,NA,NA,NA,NA,NA
"545","AS","robinia","rob4g5",136,"58",0.8,2,0.474358974358974,0.115384615384615,1.55905511811024,1.25984251968504
"546","AS","robinia","rob4g5",15,"136",0.6,2,0.646258503401361,-0.27891156462585,1.36842105263158,0.5
"547","AS","robinia","rob4g5",127,"136",0.4,2,0.299171842650103,0.133540372670807,0.149441340782123,0.0293296089385475
"548","AS","robinia","rob4g5",139,"127",0,NA,NA,NA,NA,NA
"549","AS","robinia","rob4g5",29,"127",0.4,2,0.669856459330144,0.114832535885167,0.4609375,0.1484375
"550","AS","robinia","rob4g5",44,"29",0,NA,NA,NA,NA,NA
"551","AS","robinia","rob4g5",59,"29",0.2,2,0.780487804878049,0.140243902439024,1.48717948717949,0
"552","AS","robinia","rob4g5",74,"59",0,NA,NA,NA,NA,NA
"553","AS","robinia","rob4g5",89,"59",0,NA,NA,NA,NA,NA
"554","AS","robinia","rob4g5",30,"15",0,NA,NA,NA,NA,NA
"555","AS","robinia","rob4g5",16,"15",0.4,2,0.643382352941176,0.158088235294118,5.74242424242424,1.04545454545455
"556","AS","robinia","rob4g5",45,"16",0,NA,NA,NA,NA,NA
"557","AS","robinia","rob4g5",60,"16",0.4,2,0.438073394495413,0.0527522935779817,0.707589285714286,0.341517857142857
"558","AS","robinia","rob4g5",75,"60",0,NA,NA,NA,NA,NA
"559","AS","robinia","rob4g5",90,"60",0.2,2,0.705607476635514,0.219626168224299,0.380851063829787,0.00638297872340423
"560","AS","robinia","rob4g5",31,"90",0,NA,NA,NA,NA,NA
"561","AS","robinia","rob4g5",46,"90",0,NA,NA,NA,NA,NA
"562","GS","whitefir","wf1017g4",142,NA,1,2,0.638779527559055,-0.231299212598425,2.39935064935065,0.821428571428571
"563","GS","whitefir","wf1017g4",131,"142",0.2,2,0.526570048309179,0.0676328502415459,0.76008064516129,0.13508064516129
"564","GS","whitefir","wf1017g4",143,"131",0,NA,NA,NA,NA,NA
"565","GS","whitefir","wf1017g4",1,"131",0,NA,NA,NA,NA,NA
"566","GS","whitefir","wf1017g4",2,"142",1,3,0.621417797888386,NA,1.79012345679012,NA
"567","GS","whitefir","wf1017g4",3,"2",0,NA,NA,NA,NA,NA
"568","GS","whitefir","wf1017g4",34,"2",0,NA,NA,NA,NA,NA
"569","GS","whitefir","wf1017g4",49,"2",0.8,2,0.588948787061995,-0.230458221024259,1.45029239766082,0.555555555555555
"570","GS","whitefir","wf1017g4",64,"49",0,NA,NA,NA,NA,NA
"571","GS","whitefir","wf1017g4",79,"49",0.8,3,0.504385964912281,NA,1.02047930283224,NA
"572","GS","whitefir","wf1017g4",94,"79",0,NA,NA,NA,NA,NA
"573","GS","whitefir","wf1017g4",92,"79",0,NA,NA,NA,NA,NA
"574","GS","whitefir","wf1017g4",108,"79",0.6,3,0.457309941520468,NA,2.14529914529915,NA
"575","GS","whitefir","wf1017g4",120,"108",0,NA,NA,NA,NA,NA
"576","GS","whitefir","wf1017g4",132,"108",0,NA,NA,NA,NA,NA
"577","GS","whitefir","wf1017g4",20,"108",0.6,2,0.604878048780488,-0.292682926829268,1.53191489361702,0.712765957446809
"578","GS","whitefir","wf1017g4",35,"20",0,NA,NA,NA,NA,NA
"579","GS","whitefir","wf1017g4",50,"20",0.4,2,0.644021739130435,-0.176630434782609,2.15844155844156,0.937662337662338
"580","GS","whitefir","wf1017g4",65,"50",0,NA,NA,NA,NA,NA
"581","GS","whitefir","wf1017g4",80,"50",0.4,3,0.525386313465784,NA,1.45390070921986,NA
"582","GS","whitefir","wf1017g4",95,"80",0,NA,NA,NA,NA,NA
"583","GS","whitefir","wf1017g4",109,"80",0,NA,NA,NA,NA,NA
"584","GS","whitefir","wf1017g4",121,"80",0.2,2,0.6,0.07,0.460176991150442,0.0088495575221239
"585","GS","whitefir","wf1017g4",133,"121",0,NA,NA,NA,NA,NA
"586","GS","whitefir","wf1017g4",4,"121",0,NA,NA,NA,NA,NA
"587","GS","whitefir","wf256",112,NA,1,3,0.487544483985765,NA,0.858784893267652,NA
"588","GS","whitefir","wf256",8,"112",0,NA,NA,NA,NA,NA
"589","GS","whitefir","wf256",84,"112",0,NA,NA,NA,NA,NA
"590","GS","whitefir","wf256",69,"112",1,3,0.487789987789988,NA,1.98265895953757,NA
"591","GS","whitefir","wf256",54,"69",0,NA,NA,NA,NA,NA
"592","GS","whitefir","wf256",39,"69",0,NA,NA,NA,NA,NA
"593","GS","whitefir","wf256",124,"69",0.75,3,0.569296375266524,NA,1.5758389261745,NA
"594","GS","whitefir","wf256",24,"124",0,NA,NA,NA,NA,NA
"595","GS","whitefir","wf256",136,"124",0.5,2,0.570397111913357,0.184115523465704,1.29411764705882,0.595155709342561
"596","GS","whitefir","wf256",91,"136",0,NA,NA,NA,NA,NA
"597","GS","whitefir","wf256",129,"136",0.25,2,0.569377990430622,0.0574162679425837,0.178571428571429,0.0247252747252747
"598","GS","whitefir","wf256",141,"129",0,NA,NA,NA,NA,NA
"599","GS","whitefir","wf256",137,"129",0,NA,NA,NA,NA,NA
"600","GS","whitefir","wf256",105,"124",0.75,2,0.66710182767624,-0.163185378590078,1.8,0.820134228187919
"601","GS","whitefir","wf256",118,"105",0,NA,NA,NA,NA,NA
"602","GS","whitefir","wf256",117,"105",0.5,2,0.588050314465409,0.147798742138365,2.97260273972603,0.438356164383562
"603","GS","whitefir","wf256",61,"117",0,NA,NA,NA,NA,NA
"604","GS","whitefir","wf256",126,"117",0.5,2,0.52991452991453,-0.0641025641025641,0.218273092369478,0.0487951807228916
"605","GS","whitefir","wf256",42,"126",0,NA,NA,NA,NA,NA
"606","GS","whitefir","wf256",138,"126",0.25,2,0.762589928057554,0.143884892086331,0.983412322274882,0.118483412322275
"607","GS","whitefir","wf256",45,"138",0,NA,NA,NA,NA,NA
"608","GS","whitefir","wf256",72,"138",0,NA,NA,NA,NA,NA
"609","GS","whitefir","wf288g2",21,NA,1,3,0.676949443016281,NA,1.21428571428571,NA
"610","GS","whitefir","wf288g2",36,"21",0.333333333333333,2,0.595394736842105,0.0230263157894737,1.27310924369748,0.00420168067226889
"611","GS","whitefir","wf288g2",97,"21",0.666666666666667,2,0.495394736842105,0.0914473684210526,7.11111111111111,1.77777777777778
"612","GS","whitefir","wf288g2",83,"21",1,3,0.553393213572854,NA,0.997916666666667,NA
"613","GS","whitefir","wf288g2",51,"36",0,NA,NA,NA,NA,NA
"614","GS","whitefir","wf288g2",81,"36",0.166666666666667,2,0.558510638297872,0.143617021276596,0.467105263157895,0.0197368421052632
"615","GS","whitefir","wf288g2",66,"81",0,NA,NA,NA,NA,NA
"616","GS","whitefir","wf288g2",96,"81",0,NA,NA,NA,NA,NA
"617","GS","whitefir","wf288g2",22,"97",0.5,2,0.59771986970684,-0.245928338762215,2.06597222222222,1.19097222222222
"618","GS","whitefir","wf288g2",67,"97",0.333333333333333,2,0.289237668161435,0.161434977578475,0.525,0.0416666666666667
"619","GS","whitefir","wf288g2",52,"67",0,NA,NA,NA,NA,NA
"620","GS","whitefir","wf288g2",37,"67",0.166666666666667,2,0.584577114427861,0.0721393034825871,2.64705882352941,0.272058823529412
"621","GS","whitefir","wf288g2",110,"37",0,NA,NA,NA,NA,NA
"622","GS","whitefir","wf288g2",122,"37",0,NA,NA,NA,NA,NA
"623","GS","whitefir","wf288g2",5,"22",0,NA,NA,NA,NA,NA
"624","GS","whitefir","wf288g2",134,"22",0.5,2,0.642857142857143,-0.129343629343629,2.72619047619048,2.17857142857143
"625","GS","whitefir","wf288g2",111,"134",0,NA,NA,NA,NA,NA
"626","GS","whitefir","wf288g2",123,"134",0.333333333333333,2,0.6175,-0.2525,1.84057971014493,0.884057971014493
"627","GS","whitefir","wf288g2",135,"123",0,NA,NA,NA,NA,NA
"628","GS","whitefir","wf288g2",6,"123",0.333333333333333,2,0.738505747126437,0.0775862068965517,3.26515151515151,1.78030303030303
"629","GS","whitefir","wf288g2",38,"6",0.166666666666667,2,0.530434782608696,0.00869565217391305,1.39285714285714,0.464285714285714
"630","GS","whitefir","wf288g2",23,"6",0,NA,NA,NA,NA,NA
"631","GS","whitefir","wf288g2",53,"38",0,NA,NA,NA,NA,NA
"632","GS","whitefir","wf288g2",68,"38",0,NA,NA,NA,NA,NA
"633","GS","whitefir","wf288g2",24,"83",0.5,3,0.494623655913978,NA,0.914779874213837,NA
"634","GS","whitefir","wf288g2",112,"83",1,2,0.643780290791599,-0.323909531502423,0.263440860215054,0.0376344086021505
"635","GS","whitefir","wf288g2",98,"83",0.166666666666667,2,0.519444444444444,0.158333333333333,1.7183908045977,0.833333333333333
"636","GS","whitefir","wf288g2",8,"98",0,NA,NA,NA,NA,NA
"637","GS","whitefir","wf288g2",9,"98",0,NA,NA,NA,NA,NA
"638","GS","whitefir","wf288g2",39,"24",0,NA,NA,NA,NA,NA
"639","GS","whitefir","wf288g2",54,"24",0,NA,NA,NA,NA,NA
"640","GS","whitefir","wf288g2",69,"24",0.5,2,0.610266159695818,-0.218631178707224,3.93918918918919,0.97972972972973
"641","GS","whitefir","wf288g2",84,"69",0,NA,NA,NA,NA,NA
"642","GS","whitefir","wf288g2",10,"69",0.333333333333333,3,0.438837920489297,NA,1.20395738203957,NA
"643","GS","whitefir","wf288g2",25,"10",0,NA,NA,NA,NA,NA
"644","GS","whitefir","wf288g2",40,"10",0,NA,NA,NA,NA,NA
"645","GS","whitefir","wf288g2",55,"10",0.333333333333333,2,0.525735294117647,-0.0992647058823529,0.336244541484716,0.0829694323144105
"646","GS","whitefir","wf288g2",70,"55",0,NA,NA,NA,NA,NA
"647","GS","whitefir","wf288g2",85,"55",0.166666666666667,2,0.647058823529412,0.0705882352941176,1.08620689655172,0.0517241379310345
"648","GS","whitefir","wf288g2",99,"85",0,NA,NA,NA,NA,NA
"649","GS","whitefir","wf288g2",100,"85",0,NA,NA,NA,NA,NA
"650","GS","whitefir","wf288g2",11,"112",0.333333333333333,2,0.623737373737374,-0.0883838383838384,4.89285714285714,1.32142857142857
"651","GS","whitefir","wf288g2",124,"11",0,NA,NA,NA,NA,NA
"652","GS","whitefir","wf288g2",136,"11",0.166666666666667,2,0.851063829787234,0.432624113475177,1.175,0.345
"653","GS","whitefir","wf288g2",26,"136",0,NA,NA,NA,NA,NA
"654","GS","whitefir","wf288g2",56,"136",0,NA,NA,NA,NA,NA
"655","GS","whitefir","wf288g2",71,"112",0.833333333333333,3,0.512520868113522,NA,12.8,NA
"656","GS","whitefir","wf288g2",137,"71",0.666666666666667,3,0.853013530135301,NA,2.52156862745098,NA
"657","GS","whitefir","wf288g2",86,"71",0,NA,NA,NA,NA,NA
"658","GS","whitefir","wf288g2",125,"71",0,NA,NA,NA,NA,NA
"659","GS","whitefir","wf288g2",103,"137",0.666666666666667,3,0.307638155579021,NA,0.795216741405082,NA
"660","GS","whitefir","wf288g2",101,"137",0,NA,NA,NA,NA,NA
"661","GS","whitefir","wf288g2",138,"137",0.5,2,0.609523809523809,-0.292063492063492,3.609375,1.796875
"662","GS","whitefir","wf288g2",126,"138",0,NA,NA,NA,NA,NA
"663","GS","whitefir","wf288g2",114,"138",0.333333333333333,2,0.584507042253521,-0.221830985915493,2.18965517241379,1.20689655172414
"664","GS","whitefir","wf288g2",115,"114",0,NA,NA,NA,NA,NA
"665","GS","whitefir","wf288g2",127,"114",0.333333333333333,3,0.739446870451237,NA,1.85672514619883,NA
"666","GS","whitefir","wf288g2",87,"127",0,NA,NA,NA,NA,NA
"667","GS","whitefir","wf288g2",72,"127",0,NA,NA,NA,NA,NA
"668","GS","whitefir","wf288g2",42,"127",0.166666666666667,2,0.178308823529412,0.0165441176470588,0.19047619047619,0.0126984126984127
"669","GS","whitefir","wf288g2",12,"42",0,NA,NA,NA,NA,NA
"670","GS","whitefir","wf288g2",27,"42",0,NA,NA,NA,NA,NA
"671","GS","whitefir","wf288g2",58,"103",0.333333333333333,2,0.521164021164021,-0.156084656084656,1.65289256198347,0.40495867768595
"672","GS","whitefir","wf288g2",60,"103",0.5,3,0.521258503401361,NA,0.745098039215686,NA
"673","GS","whitefir","wf288g2",13,"103",0,NA,NA,NA,NA,NA
"674","GS","whitefir","wf288g2",28,"58",0,NA,NA,NA,NA,NA
"675","GS","whitefir","wf288g2",43,"58",0.166666666666667,2,0.515625,-0.0625,1.04304635761589,0.00331125827814574
"676","GS","whitefir","wf288g2",90,"43",0,NA,NA,NA,NA,NA
"677","GS","whitefir","wf288g2",75,"43",0,NA,NA,NA,NA,NA
"678","GS","whitefir","wf288g2",89,"60",0.5,2,0.521857923497268,0.286885245901639,0.625,0.085
"679","GS","whitefir","wf288g2",45,"60",0.166666666666667,2,0.504032258064516,0.157258064516129,1.71739130434783,0.847826086956522
"680","GS","whitefir","wf288g2",30,"45",0,NA,NA,NA,NA,NA
"681","GS","whitefir","wf288g2",15,"45",0,NA,NA,NA,NA,NA
"682","GS","whitefir","wf288g2",74,"89",0,NA,NA,NA,NA,NA
"683","GS","whitefir","wf288g2",59,"89",0.333333333333333,2,0.658783783783784,-0.14527027027027,1.83098591549296,0.704225352112676
"684","GS","whitefir","wf288g2",44,"59",0,NA,NA,NA,NA,NA
"685","GS","whitefir","wf288g2",29,"59",0.333333333333333,2,0.474789915966387,0.0798319327731093,0.8875,0.0875
"686","GS","whitefir","wf288g2",14,"29",0,NA,NA,NA,NA,NA
"687","GS","whitefir","wf288g2",104,"29",0.166666666666667,2,0.757575757575758,0.0454545454545455,0.801282051282051,0.0705128205128205
"688","GS","whitefir","wf288g2",116,"104",0,NA,NA,NA,NA,NA
"689","GS","whitefir","wf288g2",128,"104",0,NA,NA,NA,NA,NA
"690","GS","whitefir","wf288g2",140,"60",0.333333333333333,4,0.366830065359477,NA,1.55357142857143,NA
"691","GS","whitefir","wf288g2",91,"140",0,NA,NA,NA,NA,NA
"692","GS","whitefir","wf288g2",105,"140",0.333333333333333,3,0.555555555555556,NA,2.30120481927711,NA
"693","GS","whitefir","wf288g2",76,"140",0,NA,NA,NA,NA,NA
"694","GS","whitefir","wf288g2",61,"140",0.166666666666667,2,0.914285714285714,0.380952380952381,2.33536585365854,0.420731707317073
"695","GS","whitefir","wf288g2",16,"61",0,NA,NA,NA,NA,NA
"696","GS","whitefir","wf288g2",31,"61",0,NA,NA,NA,NA,NA
"697","GS","whitefir","wf288g2",117,"105",0,NA,NA,NA,NA,NA
"698","GS","whitefir","wf288g2",129,"105",0,NA,NA,NA,NA,NA
"699","GS","whitefir","wf288g2",141,"105",0.166666666666667,3,0.73767258382643,NA,1.82730923694779,NA
"700","GS","whitefir","wf288g2",92,"141",0,NA,NA,NA,NA,NA
"701","GS","whitefir","wf288g2",77,"141",0,NA,NA,NA,NA,NA
"702","GS","whitefir","wf288g2",47,"141",0,NA,NA,NA,NA,NA
"703","GS","whitefir","wf327g2",46,NA,1,2,0.593023255813954,-0.393296853625171,1.42715231788079,0.963576158940397
"704","GS","whitefir","wf327g2",31,"46",0,NA,NA,NA,NA,NA
"705","GS","whitefir","wf327g2",55,"46",0.8,2,1.04091539528433,0.666435506241331,2.12857142857143,0.171428571428572
"706","GS","whitefir","wf327g2",16,"55",0.4,3,0.569135802469136,NA,1.48564476885645,NA
"707","GS","whitefir","wf327g2",70,"16",0,NA,NA,NA,NA,NA
"708","GS","whitefir","wf327g2",85,"16",0,NA,NA,NA,NA,NA
"709","GS","whitefir","wf327g2",57,"16",0.2,2,0.921319796954315,0.383248730964467,1.31095679012346,0.27391975308642
"710","GS","whitefir","wf327g2",32,"57",0,NA,NA,NA,NA,NA
"711","GS","whitefir","wf327g2",101,"57",0,NA,NA,NA,NA,NA
"712","GS","whitefir","wf327g2",128,"55",0.6,4,0.224614134849716,NA,1.52670807453416,NA
"713","GS","whitefir","wf327g2",30,"128",0,NA,NA,NA,NA,NA
"714","GS","whitefir","wf327g2",92,"128",0,NA,NA,NA,NA,NA
"715","GS","whitefir","wf327g2",106,"128",0.4,3,0.532272325375774,NA,1.62031672460409,NA
"716","GS","whitefir","wf327g2",100,"106",0,NA,NA,NA,NA,NA
"717","GS","whitefir","wf327g2",142,"106",0,NA,NA,NA,NA,NA
"718","GS","whitefir","wf327g2",15,"106",0.4,3,0.530020703933747,NA,0.739068100358423,NA
"719","GS","whitefir","wf327g2",60,"15",0,NA,NA,NA,NA,NA
"720","GS","whitefir","wf327g2",75,"15",0,NA,NA,NA,NA,NA
"721","GS","whitefir","wf327g2",90,"15",0.4,2,0.665116279069768,-0.144186046511628,1.22357723577236,0.150406504065041
"722","GS","whitefir","wf327g2",89,"90",0,NA,NA,NA,NA,NA
"723","GS","whitefir","wf327g2",74,"90",0.2,2,0.574712643678161,0.0114942528735632,0.865151515151515,0.11969696969697
"724","GS","whitefir","wf327g2",139,"74",0,NA,NA,NA,NA,NA
"725","GS","whitefir","wf327g2",140,"74",0,NA,NA,NA,NA,NA
"726","GS","whitefir","wf327g2",44,"128",0.6,3,0.582582582582583,NA,1.10616184112843,NA
"727","GS","whitefir","wf327g2",29,"44",0.2,2,0.601036269430052,0.077720207253886,0.837777777777778,0.122222222222222
"728","GS","whitefir","wf327g2",14,"29",0,NA,NA,NA,NA,NA
"729","GS","whitefir","wf327g2",9,"29",0,NA,NA,NA,NA,NA
"730","GS","whitefir","wf327g2",7,"44",0.2,2,0.525229357798165,0.00688073394495413,1.00229357798165,0.295871559633028
"731","GS","whitefir","wf327g2",120,"44",0.4,3,0.639269406392694,NA,1.68671023965142,NA
"732","GS","whitefir","wf327g2",6,"7",0,NA,NA,NA,NA,NA
"733","GS","whitefir","wf327g2",1,"7",0,NA,NA,NA,NA,NA
"734","GS","whitefir","wf327g2",110,"120",0,NA,NA,NA,NA,NA
"735","GS","whitefir","wf327g2",133,"120",0,NA,NA,NA,NA,NA
"736","GS","whitefir","wf327g2",81,"120",0.4,3,0.547281323877069,NA,1.318781264211,NA
"737","GS","whitefir","wf327g2",96,"81",0,NA,NA,NA,NA,NA
"738","GS","whitefir","wf327g2",49,"81",0,NA,NA,NA,NA,NA
"739","GS","whitefir","wf327g2",53,"81",0.2,2,0.583333333333333,0.0883838383838384,1.41964285714286,0.0982142857142857
"740","GS","whitefir","wf327g2",109,"53",0,NA,NA,NA,NA,NA
"741","GS","whitefir","wf327g2",23,"53",0,NA,NA,NA,NA,NA
"742","GS","whitefir","wf755g4",133,NA,1,2,0.575559701492537,-0.407649253731343,2.33333333333333,1.02380952380952
"743","GS","whitefir","wf755g4",3,"133",0,NA,NA,NA,NA,NA
"744","GS","whitefir","wf755g4",21,"133",1,2,0.735294117647059,-0.147058823529412,3.40909090909091,2.44545454545455
"745","GS","whitefir","wf755g4",67,"21",1,2,0.611827956989247,-0.37741935483871,2.90566037735849,0.962264150943396
"746","GS","whitefir","wf755g4",36,"21",0.5,2,0.701612903225806,0.0338709677419355,0.416770186335404,0.0739130434782609
"747","GS","whitefir","wf755g4",110,"36",0.333333333333333,2,0.714912280701754,-0.118421052631579,0.937974683544304,0.608860759493671
"748","GS","whitefir","wf755g4",51,"36",0.333333333333333,2,0.642512077294686,-0.072463768115942,1.55797101449275,0.615942028985507
"749","GS","whitefir","wf755g4",66,"51",0,NA,NA,NA,NA,NA
"750","GS","whitefir","wf755g4",81,"51",0.166666666666667,2,0.557432432432432,0.192567567567568,0.855769230769231,0.682692307692308
"751","GS","whitefir","wf755g4",96,"81",0,NA,NA,NA,NA,NA
"752","GS","whitefir","wf755g4",122,"81",0,NA,NA,NA,NA,NA
"753","GS","whitefir","wf755g4",134,"110",0,NA,NA,NA,NA,NA
"754","GS","whitefir","wf755g4",6,"110",0.333333333333333,2,0.576315789473684,0.207894736842105,2.39615384615385,0.661538461538462
"755","GS","whitefir","wf755g4",5,"6",0,NA,NA,NA,NA,NA
"756","GS","whitefir","wf755g4",22,"6",0.166666666666667,2,0.520134228187919,0.0771812080536913,0.512578616352201,0.110062893081761
"757","GS","whitefir","wf755g4",37,"22",0,NA,NA,NA,NA,NA
"758","GS","whitefir","wf755g4",52,"22",0,NA,NA,NA,NA,NA
"759","GS","whitefir","wf755g4",82,"67",0,NA,NA,NA,NA,NA
"760","GS","whitefir","wf755g4",7,"67",0.833333333333333,2,1.23369565217391,-0.581521739130435,3.09708737864078,1.36893203883495
"761","GS","whitefir","wf755g4",68,"7",0.666666666666667,2,0.382634730538922,-0.0676646706586826,0.979213483146067,0.198314606741573
"762","GS","whitefir","wf755g4",38,"7",0,NA,NA,NA,NA,NA
"763","GS","whitefir","wf755g4",111,"68",0.666666666666667,2,0.702127659574468,-0.191489361702128,0.856115107913669,0.0719424460431655
"764","GS","whitefir","wf755g4",98,"68",0,NA,NA,NA,NA,NA
"765","GS","whitefir","wf755g4",24,"111",0.5,2,0.598214285714286,-0.375,0.802752293577982,0.417431192660551
"766","GS","whitefir","wf755g4",123,"111",0.166666666666667,2,0.598958333333333,0.03125,1.89922480620155,0.341085271317829
"767","GS","whitefir","wf755g4",135,"123",0,NA,NA,NA,NA,NA
"768","GS","whitefir","wf755g4",8,"123",0,NA,NA,NA,NA,NA
"769","GS","whitefir","wf755g4",39,"24",0,NA,NA,NA,NA,NA
"770","GS","whitefir","wf755g4",54,"24",0.5,3,0.533129459734964,NA,5.32698412698413,NA
"771","GS","whitefir","wf755g4",69,"54",0,NA,NA,NA,NA,NA
"772","GS","whitefir","wf755g4",84,"54",0,NA,NA,NA,NA,NA
"773","GS","whitefir","wf755g4",112,"54",0.333333333333333,2,0.552830188679245,0.190566037735849,0.545112781954887,0.203007518796992
"774","GS","whitefir","wf755g4",99,"112",0,NA,NA,NA,NA,NA
"775","GS","whitefir","wf755g4",124,"112",0.333333333333333,3,0.575296108291032,NA,0.544388609715243,NA
"776","GS","whitefir","wf755g4",9,"124",0,NA,NA,NA,NA,NA
"777","GS","whitefir","wf755g4",136,"124",0,NA,NA,NA,NA,NA
"778","GS","whitefir","wf755g4",25,"124",0.166666666666667,2,0.640522875816993,0.00653594771241831,0.63013698630137,0.0136986301369863
"779","GS","whitefir","wf755g4",10,"25",0,NA,NA,NA,NA,NA
"780","GS","whitefir","wf755g4",40,"25",0,NA,NA,NA,NA,NA
"781","GS","whitefir","wf991g4",83,NA,1,2,0.56861063464837,-0.427958833619211,0.773076923076923,0.657692307692308
"782","GS","whitefir","wf991g4",21,"83",0,NA,NA,NA,NA,NA
"783","GS","whitefir","wf991g4",3,"83",1,2,0.555938037865749,-0.430292598967298,9.11111111111111,2.77777777777778
"784","GS","whitefir","wf991g4",36,"3",0,NA,NA,NA,NA,NA
"785","GS","whitefir","wf991g4",132,"3",0.833333333333333,2,0.567190226876091,-0.43979057591623,1.70175438596491,0.543859649122807
"786","GS","whitefir","wf991g4",2,"132",0,NA,NA,NA,NA,NA
"787","GS","whitefir","wf991g4",137,"132",0.666666666666667,2,0.707105719237435,-0.27209705372617,1.62878787878788,0.325757575757576
"788","GS","whitefir","wf991g4",114,"137",0.5,3,0.509734513274336,NA,2.08914728682171,NA
"789","GS","whitefir","wf991g4",113,"137",0,NA,NA,NA,NA,NA
"790","GS","whitefir","wf991g4",126,"114",0,NA,NA,NA,NA,NA
"791","GS","whitefir","wf991g4",58,"114",0.5,2,0.660041841004184,0.25836820083682,1.21851851851852,0.0481481481481482
"792","GS","whitefir","wf991g4",138,"114",0.333333333333333,2,1.04243542435424,0.784132841328413,1.11940298507463,0.462686567164179
"793","GS","whitefir","wf991g4",12,"138",0,NA,NA,NA,NA,NA
"794","GS","whitefir","wf991g4",42,"138",0.166666666666667,2,0.403030303030303,0.227272727272727,0.929245283018868,0.0235849056603774
"795","GS","whitefir","wf991g4",13,"42",0,NA,NA,NA,NA,NA
"796","GS","whitefir","wf991g4",43,"42",0,NA,NA,NA,NA,NA
"797","GS","whitefir","wf991g4",127,"58",0.333333333333333,3,1.02657555049355,NA,1.61208576998051,NA
"798","GS","whitefir","wf991g4",57,"58",0.333333333333333,2,0.684895833333333,-0.2578125,0.620253164556962,0.0569620253164557
"799","GS","whitefir","wf991g4",73,"57",0,NA,NA,NA,NA,NA
"800","GS","whitefir","wf991g4",88,"57",0.166666666666667,2,0.740331491712707,0.337016574585635,2.18539325842697,0.814606741573034
"801","GS","whitefir","wf991g4",103,"88",0,NA,NA,NA,NA,NA
"802","GS","whitefir","wf991g4",72,"88",0,NA,NA,NA,NA,NA
"803","GS","whitefir","wf991g4",29,"127",0.166666666666667,2,0.185871056241427,-0.0953360768175583,0.160122699386503,0.00552147239263804
"804","GS","whitefir","wf991g4",74,"127",0.333333333333333,2,0.58030303030303,-0.413636363636364,0.93956043956044,0.0274725274725275
"805","GS","whitefir","wf991g4",87,"127",0,NA,NA,NA,NA,NA
"806","GS","whitefir","wf991g4",44,"29",0,NA,NA,NA,NA,NA
"807","GS","whitefir","wf991g4",59,"29",0,NA,NA,NA,NA,NA
"808","GS","whitefir","wf991g4",15,"74",0,NA,NA,NA,NA,NA
"809","GS","whitefir","wf991g4",30,"74",0.166666666666667,2,1.04878048780488,0.0975609756097561,3.41566265060241,2.01807228915663
"810","GS","whitefir","wf991g4",116,"30",0,NA,NA,NA,NA,NA
"811","GS","whitefir","wf991g4",45,"30",0,NA,NA,NA,NA,NA
"812","GS","whitepine","wp738g4",135,NA,1,3,0.740542469664525,NA,1.40796645702306,NA
"813","GS","whitepine","wp738g4",79,"135",0.25,2,0.283767038413879,0.0929368029739777,0.627682403433476,0.352288984263233
"814","GS","whitepine","wp738g4",98,"135",1,3,0.531957928802589,NA,1.96815286624204,NA
"815","GS","whitepine","wp738g4",123,"135",0.5,2,0.664414414414414,-0.18018018018018,0.693617021276596,0.0595744680851064
"816","GS","whitepine","wp738g4",66,"123",0,NA,NA,NA,NA,NA
"817","GS","whitepine","wp738g4",51,"123",0.25,2,0.517333333333333,0.12,0.87248322147651,0.51006711409396
"818","GS","whitepine","wp738g4",64,"51",0,NA,NA,NA,NA,NA
"819","GS","whitepine","wp738g4",38,"51",0,NA,NA,NA,NA,NA
"820","GS","whitepine","wp738g4",68,"79",0,NA,NA,NA,NA,NA
"821","GS","whitepine","wp738g4",4,"79",0,NA,NA,NA,NA,NA
"822","GS","whitepine","wp738g4",1,"98",0,NA,NA,NA,NA,NA
"823","GS","whitepine","wp738g4",19,"98",0,NA,NA,NA,NA,NA
"824","GS","whitepine","wp738g4",34,"98",0.75,2,0.684245660881175,-0.188918558077437,1.49709302325581,0.328488372093023
"825","GS","whitepine","wp738g4",132,"34",0.5,3,0.532110091743119,NA,1.18242122719735,NA
"826","GS","whitepine","wp738g4",49,"34",0.25,2,0.444743935309973,0.159029649595687,0.245859872611465,0.169426751592357
"827","GS","whitepine","wp738g4",999,"49",0,NA,NA,NA,NA,NA
"828","GS","whitepine","wp738g4",988,"49",0,NA,NA,NA,NA,NA
"829","GS","whitepine","wp738g4",94,"132",0,NA,NA,NA,NA,NA
"830","GS","whitepine","wp738g4",120,"132",0.5,2,0.671673819742489,0.0278969957081545,0.902777777777778,0.0638888888888889
"831","GS","whitepine","wp738g4",108,"132",0.25,2,0.43046357615894,0.076158940397351,0.197111913357401,0.128519855595668
"832","GS","whitepine","wp738g4",2,"108",0,NA,NA,NA,NA,NA
"833","GS","whitepine","wp738g4",20,"108",0,NA,NA,NA,NA,NA
"834","GS","whitepine","wp738g4",95,"120",0.25,2,0.593558282208589,0.0598159509202454,0.548850574712644,0.238505747126437
"835","GS","whitepine","wp738g4",80,"120",0.25,2,0.546666666666667,0.133333333333333,0.282781456953642,0.090728476821192
"836","GS","whitepine","wp738g4",35,"80",0,NA,NA,NA,NA,NA
"837","GS","whitepine","wp738g4",50,"80",0,NA,NA,NA,NA,NA
"838","GS","whitepine","wp738g4",109,"95",0,NA,NA,NA,NA,NA
"839","GS","whitepine","wp738g4",121,"95",0,NA,NA,NA,NA,NA
"840","GS","whitepine","wp760g5",20,NA,1,2,0.529013539651838,0.441972920696325,0.107876712328767,0.0291095890410959
"841","GS","whitepine","wp760g5",2,"20",0,NA,NA,NA,NA,NA
"842","GS","whitepine","wp760g5",4,"20",1,2,0.536852589641434,-0.315737051792829,2.9625,1.5625
"843","GS","whitepine","wp760g5",50,"4",0.75,2,0.497663551401869,0.401869158878505,1.25892857142857,0.223214285714286
"844","GS","whitepine","wp760g5",21,"4",0.25,2,0.54054054054054,0.126126126126126,0.787292817679558,0.157458563535912
"845","GS","whitepine","wp760g5",36,"21",0,NA,NA,NA,NA,NA
"846","GS","whitepine","wp760g5",35,"21",0,NA,NA,NA,NA,NA
"847","GS","whitepine","wp760g5",65,"50",0,NA,NA,NA,NA,NA
"848","GS","whitepine","wp760g5",51,"50",0.75,2,0.911688311688312,-0.366233766233766,3.60843373493976,0.271084337349398
"849","GS","whitepine","wp760g5",49,"51",0.5,2,0.251016260162602,0.0132113821138211,0.3014440433213,0.00541516245487366
"850","GS","whitepine","wp760g5",66,"51",0.25,2,0.364285714285714,-0.0166666666666667,0.607142857142857,0.0388198757763975
"851","GS","whitepine","wp760g5",1,"66",0,NA,NA,NA,NA,NA
"852","GS","whitepine","wp760g5",19,"66",0,NA,NA,NA,NA,NA
"853","GS","whitepine","wp760g5",95,"49",0.25,2,0.55,0.111538461538462,1.81176470588235,0.647058823529412
"854","GS","whitepine","wp760g5",64,"49",0.25,2,0.465811965811966,0.115384615384615,1.49390243902439,0.664634146341463
"855","GS","whitepine","wp760g5",80,"64",0,NA,NA,NA,NA,NA
"856","GS","whitepine","wp760g5",79,"64",0,NA,NA,NA,NA,NA
"857","GS","whitepine","wp760g5",94,"95",0,NA,NA,NA,NA,NA
"858","GS","whitepine","wp760g5",81,"95",0,NA,NA,NA,NA,NA
"859","GS","whitepine","wp762",143,NA,1,3,0.527849185946872,NA,1.08376703841388,NA
"860","GS","whitepine","wp762",28,"143",0,NA,NA,NA,NA,NA
"861","GS","whitepine","wp762",127,"143",0,NA,NA,NA,NA,NA
"862","GS","whitepine","wp762",17,"143",1,2,0.620060790273556,-0.281155015197568,5.60328638497653,2.24647887323944
"863","GS","whitepine","wp762",59,"17",0,NA,NA,NA,NA,NA
"864","GS","whitepine","wp762",116,"17",0.666666666666667,2,0.724283305227656,-0.184654300168634,2.36013986013986,0.339160839160839
"865","GS","whitepine","wp762",88,"116",0,NA,NA,NA,NA,NA
"866","GS","whitepine","wp762",114,"116",0.666666666666667,2,0.564935064935065,0.0473098330241187,1.0923875432526,0.00449826989619374
"867","GS","whitepine","wp762",99,"114",0,NA,NA,NA,NA,NA
"868","GS","whitepine","wp762",102,"114",0.333333333333333,2,0.595454545454545,0.171212121212121,0.181072555205047,0.150157728706625
"869","GS","whitepine","wp762",30,"102",0,NA,NA,NA,NA,NA
"870","GS","whitepine","wp762",103,"102",0,NA,NA,NA,NA,NA
"871","GS","whitepine","wp773",11,NA,1,2,0.635321100917431,-0.287844036697248,2.3179012345679,1.5462962962963
"872","GS","whitepine","wp773",26,"11",1,2,0.76832298136646,-0.200621118012422,0.484,0.1
"873","GS","whitepine","wp773",41,"11",0,NA,NA,NA,NA,NA
"874","GS","whitepine","wp773",25,"26",0.8,2,0.768589743589744,-0.0532051282051282,5.20833333333333,0.375
"875","GS","whitepine","wp773",18,"26",0.4,2,0.637855579868709,0.298687089715536,1.76027397260274,1.5
"876","GS","whitepine","wp773",12,"18",0,NA,NA,NA,NA,NA
"877","GS","whitepine","wp773",33,"18",0.4,2,0.633177570093458,0.16588785046729,0.628991596638655,0.0642857142857143
"878","GS","whitepine","wp773",56,"33",0,NA,NA,NA,NA,NA
"879","GS","whitepine","wp773",71,"33",0.2,2,0.706140350877193,0.097953216374269,0.851515151515152,0.46969696969697
"880","GS","whitepine","wp773",27,"71",0,NA,NA,NA,NA,NA
"881","GS","whitepine","wp773",10,"71",0,NA,NA,NA,NA,NA
"882","GS","whitepine","wp773",107,"25",0.8,2,0.6801872074883,-0.162246489859594,1.18534482758621,0.547413793103448
"883","GS","whitepine","wp773",48,"25",0.4,2,0.582437275985663,-0.240143369175627,0.363805970149254,0.19589552238806
"884","GS","whitepine","wp773",13,"48",0,NA,NA,NA,NA,NA
"885","GS","whitepine","wp773",86,"48",0.4,2,0.656862745098039,-0.223311546840959,3.35555555555556,1
"886","GS","whitepine","wp773",63,"86",0,NA,NA,NA,NA,NA
"887","GS","whitepine","wp773",87,"86",0.2,2,0.632425742574257,0.0655940594059406,2.07075471698113,0.400943396226415
"888","GS","whitepine","wp773",78,"87",0,NA,NA,NA,NA,NA
"889","GS","whitepine","wp773",93,"87",0,NA,NA,NA,NA,NA
"890","GS","whitepine","wp773",58,"107",0,NA,NA,NA,NA,NA
"891","GS","whitepine","wp773",73,"107",0.6,2,0.653703703703704,-0.112962962962963,1.60472972972973,0.523648648648649
"892","GS","whitepine","wp773",115,"73",0,NA,NA,NA,NA,NA
"893","GS","whitepine","wp773",43,"73",0.6,2,0.791062801932367,-0.208937198067633,0.565625,0.146875
"894","GS","whitepine","wp773",119,"43",0,NA,NA,NA,NA,NA
"895","GS","whitepine","wp773",76,"43",0.4,2,0.661835748792271,0.13768115942029,1.83582089552239,0.0298507462686567
"896","GS","whitepine","wp773",131,"76",0,NA,NA,NA,NA,NA
"897","GS","whitepine","wp773",130,"76",0.4,2,0.648036253776435,0.0770392749244713,0.276,0.052
"898","GS","whitepine","wp773",77,"130",0,NA,NA,NA,NA,NA
"899","GS","whitepine","wp773",113,"130",0.2,2,0.891666666666667,0.1375,0.787804878048781,0.382926829268293
"900","GS","whitepine","wp773",62,"113",0,NA,NA,NA,NA,NA
"901","GS","whitepine","wp773",125,"113",0,NA,NA,NA,NA,NA
"902","GS","whitepine","wp891g4",108,NA,1,2,0.639310344827586,-0.189655172413793,0.683168316831683,0.32013201320132
"903","GS","whitepine","wp891g4",37,"108",0.333333333333333,2,0.636503067484663,0.0322085889570552,0.662828947368421,0.268092105263158
"904","GS","whitepine","wp891g4",67,"108",1,2,0.692179700499168,-0.18801996672213,3.66090909090909,1.98454545454545
"905","GS","whitepine","wp891g4",22,"37",0,NA,NA,NA,NA,NA
"906","GS","whitepine","wp891g4",52,"37",0,NA,NA,NA,NA,NA
"907","GS","whitepine","wp891g4",97,"67",0,NA,NA,NA,NA,NA
"908","GS","whitepine","wp891g4",134,"67",0.666666666666667,2,0.625708884688091,-0.162570888468809,1.81399132321041,0.230477223427332
"909","GS","whitepine","wp891g4",122,"134",0,NA,NA,NA,NA,NA
"910","GS","whitepine","wp891g4",82,"134",0.666666666666667,2,0.636690647482014,-0.217026378896883,0.538356164383562,0.147945205479452
"911","GS","whitepine","wp891g4",121,"82",0,NA,NA,NA,NA,NA
"912","GS","whitepine","wp891g4",34,"82",0.333333333333333,2,0.575842696629213,0.0730337078651685,1.8859649122807,0.789473684210526
"913","GS","whitepine","wp891g4",19,"34",0,NA,NA,NA,NA,NA
"914","GS","whitepine","wp891g4",94,"34",0,NA,NA,NA,NA,NA
